aircraft_id,tfms_flight_index,unique_flight_id,date,departure_airport,departure_date,departure_time,arrival_airport,arrival_date,arriva_time,user_class,physical_class,aircraft_type
TAG713,48840,20020426796076,26-Apr-02,MDW,20020426,2:22:00,MLU,20020426,4:02:00,Commercial,Jet,LJ23
TAG713,41883,20040403016263,3-Apr-04,TUS,20040403,15:34:00,SFO,20040403,17:18:00,Commercial,Jet,FA50
TAG713,41971,20040403016264,3-Apr-04,SFO,20040403,19:41:57,ACV,20040403,20:24:42,Commercial,Jet,FA50
TAG713,50224,20040405340857,5-Apr-04,ACV,20040405,16:23:00,BTR,20040405,20:16:00,Commercial,Jet,FA50
TAG713,50501,20040405340858,5-Apr-04,BTR,20040405,21:13:00,ACV,20040406,1:26:03,Commercial,Jet,FA50
TAG713,79425,20040408938628,8-Apr-04,ACV,20040408,22:30:00,BTR,20040409,2:24:06,Commercial,Jet,FA50
TAG713,25280,20040413790928,13-Apr-04,BTR,20040413,10:59:00,ACV,20040413,15:07:16,Commercial,Jet,FA50
TAG713,49937,20040413790929,13-Apr-04,KACV,20040413,16:12:00,CYVR,20040413,17:30:38,Commercial,Jet,FA50
TAG713,75796,20040501274415,1-May-04,CYVR,20040501,1:30:00,ACV,20040501,3:49:12,Commercial,Jet,FA50
TAG713,139494,20040503608752,3-May-04,ACV,20040503,14:47:00,OMA,20040503,17:35:45,Commercial,Jet,FA50
TAG713,139643,20040504814747,4-May-04,OMA,20040504,12:37:00,ASH,20040504,14:58:08,Commercial,Jet,FA50
TAG713,100627,20040504814745,4-May-04,ASH,20040504,17:42:00,OMA,20040504,20:33:27,Commercial,Jet,FA50
TAG713,100983,20040504814746,4-May-04,OMA,20040504,21:03:00,ACV,20040505,0:29:32,Commercial,Jet,FA50
TAG713,89528,20040505020794,5-May-04,KACV,20040505,23:04:00,KOA,20040506,4:41:01,Commercial,Jet,FA50
TAG713,138002,20040509772017,9-May-04,KOA,20040509,20:48:00,SFO,20040510,1:29:59,Commercial,Jet,FA50
TAG713,138299,20040510002800,10-May-04,SFO,20040510,1:57:00,ACV,20040510,2:36:30,Commercial,Jet,FA50
TAG713,9866,20040512400665,12-May-04,ACV,20040512,16:25:58,DAL,20040512,19:37:00,Commercial,Jet,FA50
TAG713,10304,20040513606924,13-May-04,DAL,20040513,14:42:55,APA,20040513,16:11:51,Commercial,Jet,FA50
TAG713,126636,20040515996546,15-May-04,APA,20040515,21:44:00,ACV,20040516,0:13:58,Commercial,Jet,FA50
TAG713,102133,20040518534710,18-May-04,ACV,20040518,22:45:00,PRB,20040518,23:44:49,Commercial,Jet,FA50
TAG713,102285,20040519741501,19-May-04,PRB,20040519,0:15:00,ACV,20040519,1:13:18,Commercial,Jet,FA50
TAG713,39161,20040519741499,19-May-04,ACV,20040519,17:44:55,SMF,20040519,18:26:00,Commercial,Jet,FA50
TAG713,39258,20040519741500,19-May-04,SMF,20040519,20:01:00,ACV,20040519,20:35:58,Commercial,Jet,FA50
TAG713,74122,20040520962468,20-May-04,ACV,20040520,3:49:23,SMF,20040520,4:26:00,Commercial,Jet,FA50
TAG713,74487,20040520962469,20-May-04,SMF,20040520,4:43:00,ACV,20040520,5:23:06,Commercial,Jet,FA50
TAG713,92168,20040521163637,21-May-04,ACV,20040521,22:26:00,OAK,20040521,23:11:46,Commercial,Jet,FA50
TAG713,103971,20040523490070,23-May-04,OAK,20040523,14:50:00,ACV,20040523,15:28:23,Commercial,Jet,FA50
TAG713,12807,20040527237427,27-May-04,ACV,20040527,17:51:00,SFO,20040527,18:38:24,Commercial,Jet,FA50
TAG713,12944,20040527237428,27-May-04,SFO,20040527,21:19:00,ACV,20040527,22:00:18,Commercial,Jet,FA50
TAG713,63599,20040531916396,31-May-04,ACV,20040531,17:18:00,SEA,20040531,18:26:00,Commercial,Jet,FA50
TAG713,64377,20040531916397,31-May-04,SEA,20040531,19:39:00,ADQ,20040531,22:50:00,Commercial,Jet,FA50
TAG713,149297,20040605913737,5-Jun-04,ADQ,20040605,0:48:00,SEA,20040605,4:25:00,Commercial,Jet,FA50
TAG713,149787,20040605913738,5-Jun-04,SEA,20040605,4:50:00,ACV,20040605,6:02:25,Commercial,Jet,FA50
TAG713,135434,20040609648363,9-Jun-04,ACV,20040609,15:05:00,BTR,20040609,19:07:12,Commercial,Jet,FA50
TAG713,126620,20040611072018,11-Jun-04,BTR,20040611,12:28:00,SFO,20040611,16:30:55,Commercial,Jet,FA50
TAG713,126996,20040611072019,11-Jun-04,SFO,20040611,21:39:00,ACV,20040611,22:22:00,Commercial,Jet,FA50
TAG713,97702,20040615800328,15-Jun-04,ACV,20040615,22:11:00,SFO,20040615,23:00:00,Commercial,Jet,FA50
TAG713,98140,20040616012706,16-Jun-04,SFO,20040616,4:36:00,ACV,20040616,5:16:22,Commercial,Jet,FA50
TAG713,90631,20040616012704,16-Jun-04,ACV,20040616,17:35:00,DEN,20040616,20:12:04,Commercial,Jet,FA50
TAG713,91009,20040616012705,16-Jun-04,DEN,20040616,20:49:00,AXS,20040616,21:55:22,Commercial,Jet,FA50
TAG713,36439,20040618457285,18-Jun-04,AXS,20040618,12:49:00,DEN,20040618,13:55:00,Commercial,Jet,FA50
TAG713,36660,20040618457286,18-Jun-04,DEN,20040618,14:35:00,SNA,20040618,16:35:37,Commercial,Jet,FA50
TAG713,67508,20040618457287,18-Jun-04,SNA,20040618,21:25:00,ACV,20040618,22:54:05,Commercial,Jet,FA50
TAG713,20605,20040621002412,21-Jun-04,ACV,20040621,12:44:00,BTR,20040621,16:24:14,Commercial,Jet,FA50
TAG713,70962,20040623415205,23-Jun-04,BTR,20040623,13:02:00,SMO,20040623,16:32:12,Commercial,Jet,FA50
TAG713,71004,20040623415206,23-Jun-04,SMO,20040623,21:38:00,ACV,20040623,22:53:22,Commercial,Jet,FA50
TAG713,67522,20040624631630,24-Jun-04,ACV,20040624,21:13:00,MCC,20040624,21:51:41,Commercial,Jet,FA50
TAG713,67949,20040624631631,24-Jun-04,MCC,20040624,22:15:00,OAK,20040624,22:35:56,Commercial,Jet,FA50
TAG713,68082,,25-Jun-04,OAK,20040625,0:13:00,ACV,20040625,0:52:10,Commercial,Jet,FA50
TAG713,124437,20040627951417,27-Jun-04,ACV,20040627,22:03:00,OAK,20040627,22:50:37,Commercial,Jet,FA50
TAG713,124573,20040627951418,27-Jun-04,OAK,20040627,23:26:00,ACV,20040628,0:01:57,Commercial,Jet,FA50
TAG713,125063,20040723176052,23-Jul-04,CYHZ,20040723,15:30:00,GTF,20040723,20:35:39,Commercial,Jet,FA50
TAG713,125434,20040723176053,23-Jul-04,GTF,20040723,21:52:00,ACV,20040723,23:32:26,Commercial,Jet,FA50
TAG713,4810,20040726731476,26-Jul-04,ACV,20040726,21:43:24,PRB,20040726,22:39:52,Commercial,Jet,FA50
TAG713,5139,20040726731477,26-Jul-04,PRB,20040726,23:20:00,ACV,20040727,0:18:56,Commercial,Jet,FA50
TAG713,74140,20040727933182,27-Jul-04,ACV,20040727,15:26:00,SNA,20040727,16:54:38,Commercial,Jet,FA50
TAG713,138737,20040728150349,28-Jul-04,SNA,20040728,5:42:00,ACV,20040728,7:17:43,Commercial,Jet,FA50
TAG713,54592,20040804569304,4-Aug-04,ACV,20040804,18:58:00,DAL,20040804,22:33:00,Commercial,Jet,FA50
TAG713,36525,20040806005346,6-Aug-04,DAL,20040806,16:04:00,ACV,20040806,19:37:21,Commercial,Jet,FA50
TAG713,34613,20040811975915,11-Aug-04,ACV,20040811,15:26:00,DAL,20040811,18:36:26,Commercial,Jet,FA50
TAG713,13664,20040812194541,12-Aug-04,DAL,20040812,14:07:00,BTR,20040812,15:00:29,Commercial,Jet,FA50
TAG713,129564,20040813398276,13-Aug-04,BTR,20040813,14:11:00,ACV,20040813,18:34:08,Commercial,Jet,FA50
TAG713,103898,20040816928618,16-Aug-04,ACV,20040816,14:58:00,SMO,20040816,16:17:59,Commercial,Jet,FA50
TAG713,104078,20040816928619,16-Aug-04,SMO,20040816,21:35:00,ACV,20040816,22:50:59,Commercial,Jet,FA50
TAG713,82888,20040820793182,20-Aug-04,ACV,20040820,15:52:00,OAK,20040820,16:38:55,Commercial,Jet,FA50
TAG713,83033,20040820793183,20-Aug-04,OAK,20040820,18:18:00,ACV,20040820,18:55:29,Commercial,Jet,FA50
TAG713,114441,20040822135814,22-Aug-04,ACV,20040822,21:58:00,OAK,20040822,22:40:07,Commercial,Jet,FA50
TAG713,51793,20040823322926,23-Aug-04,OAK,20040823,21:31:56,DAL,20040824,0:25:00,Commercial,Jet,FA50
TAG713,8674,20040824528567,24-Aug-04,DAL,20040824,18:04:00,ACV,20040824,21:42:51,Commercial,Jet,FA50
TAG713,105676,20040902337423,2-Sep-04,ACV,20040902,16:00:00,SFO,20040902,16:45:14,Commercial,Jet,FA50
TAG713,105967,20040902337424,2-Sep-04,SFO,20040902,21:15:00,ACV,20040902,21:58:17,Commercial,Jet,FA50
TAG713,77685,20040903554466,3-Sep-04,ACV,20040903,15:18:00,TEB,20040903,20:27:00,Commercial,Jet,FA50
TAG713,3119,20040906398058,6-Sep-04,TEB,20040906,13:52:00,ACV,20040906,19:46:46,Commercial,Jet,FA50
TAG713,1352,20040909986090,9-Sep-04,ACV,20040909,18:35:00,SFO,20040909,19:23:00,Commercial,Jet,FA50
TAG713,1524,20040910207569,10-Sep-04,SFO,20040910,0:06:00,ACV,20040910,0:44:14,Commercial,Jet,FA50
TAG713,56878,20040910207570,10-Sep-04,ACV,20040910,1:13:00,PRB,20040910,2:10:56,Commercial,Jet,FA50
TAG713,96647,20040910207571,10-Sep-04,PRB,20040910,13:47:00,ACV,20040910,14:44:15,Commercial,Jet,FA50
TAG713,113273,20040910207572,10-Sep-04,KACV,20040910,15:34:00,CDB,20040910,19:55:57,Commercial,Jet,FA50
TAG713,98824,20040913741273,13-Sep-04,CDB,20040913,21:12:00,AKN,20040913,21:54:47,Commercial,Jet,FA50
TAG713,98843,20040914940837,14-Sep-04,AKN,20040914,0:18:00,ANC,20040914,1:03:53,Commercial,Jet,FA50
TAG713,133357,20040914940838,14-Sep-04,ANC,20040914,1:47:00,CDB,20040914,3:16:05,Commercial,Jet,FA50
TAG713,117059,20040915137612,15-Sep-04,CDB,20040915,21:29:00,KACV,20040916,1:49:34,Commercial,Jet,FA50
TAG713,126157,20040915137613,15-Sep-04,CDB,20040915,23:15:00,KACV,20040916,1:05:59,Commercial,Jet,FA50
TAG713,137386,20040916342777,16-Sep-04,ACV,20040916,1:46:00,PRB,20040916,2:44:24,Commercial,Jet,FA50
TAG713,137429,20040916342778,16-Sep-04,PRB,20040916,3:07:00,ACV,20040916,4:12:24,Commercial,Jet,FA50
TAG713,140966,20040921453763,21-Sep-04,ACV,20040921,1:05:00,TEB,20040921,6:09:08,Commercial,Jet,FA50
TAG713,96063,20040923884363,23-Sep-04,TEB,20040923,13:51:00,ACV,20040923,19:23:01,Commercial,Jet,FA50
TAG713,23841,20040927618536,27-Sep-04,ACV,20040927,14:46:00,BTR,20040927,18:38:08,Commercial,Jet,FA50
TAG713,43405,20040930215018,30-Sep-04,BTR,20040930,20:14:00,ACV,20041001,0:20:36,Commercial,Jet,FA50
TAG713,138744,20041007574200,7-Oct-04,ACV,20041007,17:01:00,MHR,20041007,17:40:03,Commercial,Jet,FA50
TAG713,138904,20041007574201,7-Oct-04,MHR,20041007,21:20:00,ACV,20041007,21:56:39,Commercial,Jet,FA50
TAG713,18608,20041019781681,19-Oct-04,ACV,20041019,20:31:00,SNA,20041019,22:01:39,Commercial,Jet,FA50
TAG713,18793,20041019781682,19-Oct-04,SNA,20041019,22:37:00,MKE,20041020,2:14:51,Commercial,Jet,FA50
TAG713,54589,20041020982630,20-Oct-04,LSE,20041020,1:54:00,MDW,20041020,2:42:34,Commercial,Jet,FA50
TAG713,135360,20041021187784,21-Oct-04,MDW,20041021,2:10:00,MKE,20041021,2:29:50,Commercial,Jet,FA50
TAG713,135655,20041021187785,21-Oct-04,MKE,20041021,3:08:00,SFO,20041021,7:27:44,Commercial,Jet,FA50
TAG713,135769,20041021187786,21-Oct-04,SFO,20041021,7:47:00,ACV,20041021,8:27:35,Commercial,Jet,FA50
TAG713,80887,20041022400618,22-Oct-04,ACV,20041022,16:08:00,TEB,20041022,21:07:10,Commercial,Jet,FA50
TAG713,125696,20041024718701,24-Oct-04,TEB,20041024,20:23:00,ACV,20041025,2:35:54,Commercial,Jet,FA50
TAG713,95387,20041027310632,27-Oct-04,ACV,20041027,14:24:00,PRB,20041027,16:32:00,Commercial,Jet,FA50
TAG713,115423,20041027310635,27-Oct-04,SBP,20041027,17:51:00,SFO,20041027,19:06:32,Commercial,Jet,FA50
TAG713,95569,20041027310634,27-Oct-04,SFO,20041027,19:38:00,ACV,20041027,20:18:10,Commercial,Jet,FA50
TAG713,142967,20041027310636,27-Oct-04,ACV,20041027,23:51:00,DEN,20041028,2:01:33,Commercial,Jet,FA50
TAG713,47337,20041028523261,28-Oct-04,DEN,20041028,15:02:00,MSY,20041028,17:12:31,Commercial,Jet,FA50
TAG713,47398,20041028523262,28-Oct-04,MSY,20041028,18:08:00,ACV,20041028,22:29:47,Commercial,Jet,FA50
TAG713,25023,20041029722235,29-Oct-04,ACV,20041029,18:54:00,SFO,20041029,19:40:00,Commercial,Jet,FA50
TAG713,107108,20041030882495,30-Oct-04,SFO,20041030,20:30:00,ACV,20041030,21:13:58,Commercial,Jet,FA50
TAG713,27382,20041031478684,31-Oct-04,ACV,20041031,18:17:00,SCK,20041031,18:59:00,Commercial,Jet,FA50
TAG713,27444,20041031478685,31-Oct-04,SCK,20041031,19:13:00,ACV,20041031,20:00:55,Commercial,Jet,FA50
TAG713,3034,20041103864993,3-Nov-04,ACV,20041103,20:03:00,OMA,20041103,22:56:48,Commercial,Jet,FA50
TAG713,3182,20041104075066,4-Nov-04,OMA,20041104,2:29:00,TEB,20041104,4:44:00,Commercial,Jet,FA50
TAG713,126308,20041105281541,5-Nov-04,TEB,20041105,15:34:00,ACV,20041105,21:24:33,Commercial,Jet,FA50
TAG713,101121,20041108806698,8-Nov-04,ACV,20041108,15:45:00,LAS,20041108,17:14:05,Commercial,Jet,FA50
TAG713,101249,20041108806699,8-Nov-04,LAS,20041108,21:13:00,BTR,20041109,0:00:00,Commercial,Jet,FA50
TAG713,45371,20041109103232,9-Nov-04,BTR,20041109,15:19:00,SSI,20041109,16:38:28,Commercial,Jet,FA50
TAG713,45629,20041109103233,9-Nov-04,SSI,20041109,21:33:00,BTR,20041109,22:58:59,Commercial,Jet,FA50
TAG713,149481,20041110303690,10-Nov-04,BTR,20041110,22:11:00,ACV,20041111,2:30:21,Commercial,Jet,FA50
TAG713,33291,20041110303689,10-Nov-04,BTR,20041110,23:45:00,LBL,20041110,23:59:00,Commercial,Jet,FA50
TAG713,137976,20041112930535,12-Nov-04,ACV,20041112,7:45:00,IAD,20041112,12:41:46,Commercial,Jet,FA50
TAG713,72201,20041113091520,13-Nov-04,IAD,20041113,5:56:00,ACV,20041113,11:25:51,Commercial,Jet,FA50
TAG713,49192,20041114245305,14-Nov-04,ACV,20041114,20:38:00,BTR,20041115,0:36:51,Commercial,Jet,FA50
TAG713,19278,20041117864270,17-Nov-04,BTR,20041117,16:08:00,ACV,20041117,20:25:05,Commercial,Jet,FA50
TAG713,31109,20041121565199,21-Nov-04,ACV,20041121,0:13:00,OAK,20041121,0:54:01,Commercial,Jet,FA50
TAG713,5463,20041122723684,22-Nov-04,OAK,20041122,19:08:00,TEB,20041123,0:01:38,Commercial,Jet,FA50
TAG713,68842,20041128752598,28-Nov-04,TEB,20041128,17:28:00,KAVC,20041128,23:13:00,Commercial,Jet,FA50
TAG713,115155,20041128752599,28-Nov-04,TEB,20041128,23:05:46,ACV,20041128,23:20:46,Commercial,Jet,FA50
TAG713,17668,20041130115720,30-Nov-04,ACV,20041130,15:22:00,OMA,20041130,18:18:05,Commercial,Jet,FA50
TAG713,78546,20041130115721,30-Nov-04,OMA,20041130,19:00:00,OMA,20041130,19:12:50,Commercial,Jet,FA50
TAG713,139040,20041201383736,1-Dec-04,OMA,20041201,15:08:00,SPW,20041201,15:32:54,Commercial,Jet,FA50
TAG713,139178,20041201383737,1-Dec-04,SPW,20041201,17:45:00,OMA,20041201,18:15:25,Commercial,Jet,FA50
TAG713,139281,20041201383738,1-Dec-04,OMA,20041201,18:45:00,MDW,20041201,20:15:25,Commercial,Jet,FA50
TAG713,112000,20041202591896,2-Dec-04,MDW,20041202,13:22:00,SEA,20041202,17:21:09,Commercial,Jet,FA50
TAG713,112481,20041202591897,2-Dec-04,SEA,20041202,18:06:00,AKN,20041202,21:48:59,Commercial,Jet,FA50
TAG713,112523,20041203796274,3-Dec-04,AKN,20041203,0:01:00,ANC,20041203,0:50:00,Commercial,Jet,FA50
TAG713,520,20041203796272,3-Dec-04,ANC,20041203,20:32:00,KACV,20041204,0:14:43,Commercial,Jet,FA50
TAG713,63323,20041203796273,3-Dec-04,ANC,20041203,20:42:20,ACV,20041204,0:05:21,Commercial,Jet,FA50
TAG713,120239,20041204963241,4-Dec-04,ACV,20041204,19:21:00,LAR,20041204,21:23:36,Commercial,Jet,FA50
TAG713,120510,20041204963242,4-Dec-04,LAR,20041204,21:50:36,ACV,20041205,0:00:10,Commercial,Jet,FA50
TAG713,18124,20041208636081,8-Dec-04,ACV,20041208,0:51:00,SFO,20041208,1:33:55,Commercial,Jet,FA50
TAG713,49709,20041208636085,8-Dec-04,SFO,20041208,20:01:00,SMO,20041208,20:49:04,Commercial,Jet,FA50
TAG713,34677,20041208636084,8-Dec-04,SMO,20041208,22:53:00,ACV,20041209,0:32:00,Commercial,Jet,FA50
TAG713,107299,20041209836911,9-Dec-04,RDD,20041209,2:48:00,ACV,20041209,3:18:47,Commercial,Jet,FA50
TAG713,9467,20041209836908,9-Dec-04,ACV,20041209,20:53:00,OAK,20041209,21:39:48,Commercial,Jet,FA50
TAG713,10143,20041209836909,9-Dec-04,OAK,20041209,22:34:00,BTR,20041210,1:53:00,Commercial,Jet,FA50
TAG713,2178,20041212317352,12-Dec-04,BTR,20041212,16:15:00,OAK,20041212,20:40:01,Commercial,Jet,FA50
TAG713,2232,20041212317353,12-Dec-04,OAK,20041212,21:14:00,ACV,20041212,21:51:00,Commercial,Jet,FA50
TAG713,76447,20041215884265,15-Dec-04,ACV,20041215,19:28:00,OAK,20041215,20:07:42,Commercial,Jet,FA50
TAG713,69069,20041215884264,15-Dec-04,OAK,20041215,21:45:00,ACV,20041215,22:24:36,Commercial,Jet,FA50
TAG713,125855,20041216085743,16-Dec-04,ACV,20041216,2:51:00,MSY,20041216,6:42:00,Commercial,Jet,FA50
TAG713,55268,20041216085742,16-Dec-04,MSY,20041216,17:58:00,ACV,20041216,22:17:56,Commercial,Jet,FA50
TAG713,3461,20041221949148,21-Dec-04,ACV,20041221,16:05:00,MHR,20041221,16:42:11,Commercial,Jet,FA50
TAG713,3590,20041221949149,21-Dec-04,MHR,20041221,20:23:00,ACV,20041221,21:02:44,Commercial,Jet,FA50
TAG713,102216,20041222127238,22-Dec-04,ACV,20041222,0:32:00,STP,20041222,3:46:00,Commercial,Jet,FA50
TAG713,80804,20041222127237,22-Dec-04,STP,20041222,18:08:00,ACV,20041222,21:33:12,Commercial,Jet,FA50
TAG713,6993,20041223302410,23-Dec-04,ACV,20041223,14:24:00,SFO,20041223,15:09:07,Commercial,Jet,FA50
TAG713,7671,20041223296632,23-Dec-04,SFO,20041223,20:24:00,ACV,20041223,21:04:42,Commercial,Jet,FA50
TAG713,33683,20050105149508,5-Jan-05,ACV,20050105,18:38:00,MHR,20050105,19:18:00,Commercial,Jet,FA50
TAG713,113651,20050106328138,6-Jan-05,MHR,20050106,5:26:00,ACV,20050106,6:04:37,Commercial,Jet,FA50
TAG713,109321,20050110945800,10-Jan-05,ACV,20050110,15:28:00,TRM,20050110,17:07:08,Commercial,Jet,FA50
TAG713,68397,20050111122372,11-Jan-05,TRM,20050111,6:08:00,DAL,20050111,8:09:17,Commercial,Jet,FA50
TAG713,89371,20050111122373,11-Jan-05,DAL,20050111,15:02:00,BTR,20050111,15:53:47,Commercial,Jet,FA50
TAG713,54620,20050112299273,12-Jan-05,BTR,20050112,14:12:00,MSP,20050112,16:22:00,Commercial,Jet,FA50
TAG713,80114,20050112299275,12-Jan-05,MSP,20050112,22:48:00,BTR,20050113,1:17:33,Commercial,Jet,FA50
TAG713,89971,20050113488411,13-Jan-05,BTR,20050113,22:46:00,ACV,20050114,3:23:42,Commercial,Jet,FA50
TAG713,24026,20050116984352,16-Jan-05,ACV,20050116,16:55:00,OAK,20050116,17:35:46,Commercial,Jet,FA50
TAG713,24119,20050116984353,16-Jan-05,OAK,20050116,18:43:00,ACV,20050116,19:23:08,Commercial,Jet,FA50
TAG713,10335,20050118317333,18-Jan-05,ACV,20050118,3:33:00,SFO,20050118,4:14:32,Commercial,Jet,FA50
TAG713,10347,20050118317334,18-Jan-05,SFO,20050118,5:17:00,ACV,20050118,5:56:02,Commercial,Jet,FA50
TAG713,145747,20050119499877,19-Jan-05,ACV,20050119,14:29:00,IAD,20050119,19:37:00,Commercial,Jet,FA50
TAG713,66674,20050119499876,19-Jan-05,IAD,20050119,23:08:00,ILG,20050119,23:40:00,Commercial,Jet,FA50
TAG713,130745,20050121900982,21-Jan-05,ILG,20050121,10:25:00,IAD,20050121,10:51:40,Commercial,Jet,FA50
TAG713,130872,20050121900983,21-Jan-05,IAD,20050121,13:01:00,SWF,20050121,13:51:06,Commercial,Jet,FA50
TAG713,130911,20050121900984,21-Jan-05,SWF,20050121,14:35:00,DEN,20050121,18:58:00,Commercial,Jet,FA50
TAG713,31239,20050121900981,21-Jan-05,DEN,20050121,19:36:00,ACV,20050121,21:49:44,Commercial,Jet,FA50
TAG713,17713,20050124347039,24-Jan-05,ACV,20050124,14:41:00,LAS,20050124,16:13:13,Commercial,Jet,FA50
TAG713,17759,20050124347041,24-Jan-05,LAS,20050124,20:19:00,ACV,20050124,21:36:15,Commercial,Jet,FA50
TAG713,17744,20050124347040,24-Jan-05,ACV,20050124,22:34:00,BOI,20050124,23:43:10,Commercial,Jet,FA50
TAG713,48734,20050129256060,29-Jan-05,BOI,20050129,2:50:00,BOI,20050129,6:21:25,Commercial,Jet,FA50
TAG713,108507,20050129256061,29-Jan-05,BOI,20050129,21:37:00,BOI,20050130,10:08:08,Commercial,Jet,FA50
TAG713,27006,20050130397205,30-Jan-05,KACV,20050130,17:56:00,ANC,20050130,21:30:08,Commercial,Jet,FA50
TAG713,100826,20050131562004,31-Jan-05,ANC,20050131,19:00:00,KACV,20050131,22:27:11,Commercial,Jet,FA50
TAG713,142715,20050131562005,31-Jan-05,ACV,20050131,23:41:00,BOI,20050201,0:42:35,Commercial,Jet,FA50
TAG713,44863,20050203862248,3-Feb-05,BOI,20050203,23:07:00,ACV,20050204,0:30:17,Commercial,Jet,FA50
TAG713,22972,20050207393340,7-Feb-05,ACV,20050207,19:03:00,SMO,20050207,20:19:09,Commercial,Jet,FA50
TAG713,22912,20050208577765,8-Feb-05,SMO,20050208,15:26:00,SAN,20050208,15:55:15,Commercial,Jet,FA50
TAG713,39620,20050208577766,8-Feb-05,SAN,20050208,18:17:00,PHX,20050208,19:08:59,Commercial,Jet,FA50
TAG713,9424,20050209769079,9-Feb-05,PHX,20050209,17:22:00,CSM,20050209,18:44:58,Commercial,Jet,FA50
TAG713,130224,20050210970929,10-Feb-05,CSM,20050210,19:00:00,ACV,20050210,22:29:35,Commercial,Jet,FA50
TAG713,12912,20050216042174,16-Feb-05,ACV,20050216,15:03:00,BTR,20050216,18:33:59,Commercial,Jet,FA50
TAG713,13389,20050216042175,16-Feb-05,BTR,20050216,19:31:00,ACV,20050217,0:17:42,Commercial,Jet,FA50
TAG713,66013,20050217249122,17-Feb-05,ACV,20050217,20:28:00,BTR,20050218,0:09:25,Commercial,Jet,FA50
TAG713,66699,20050218457664,18-Feb-05,BTR,20050218,1:13:00,TEB,20050218,3:32:00,Commercial,Jet,FA50
TAG713,20251,20050222122679,22-Feb-05,TEB,20050222,14:19:00,BTR,20050222,17:10:25,Commercial,Jet,FA50
TAG713,20291,20050222122680,22-Feb-05,BTR,20050222,19:41:52,IAH,20050222,20:23:52,Commercial,Jet,FA50
TAG713,93696,20050222122683,22-Feb-05,IAH,20050222,20:44:00,BTR,20050222,21:17:27,Commercial,Jet,FA50
TAG713,19822,20050223317963,23-Feb-05,BTR,20050223,18:08:00,ACV,20050223,22:17:54,Commercial,Jet,FA50
TAG713,134437,20050226896179,26-Feb-05,ACV,20050226,22:55:00,OAK,20050226,23:43:54,Commercial,Jet,FA50
TAG713,81269,20050227045971,27-Feb-05,OAK,20050227,17:56:00,ACV,20050227,18:36:06,Commercial,Jet,FA50
TAG713,35039,20050228216066,28-Feb-05,ACV,20050228,15:38:00,MHR,20050228,16:15:09,Commercial,Jet,FA50
TAG713,35040,20050301403680,1-Mar-05,MHR,20050301,1:13:00,ACV,20050301,1:51:38,Commercial,Jet,FA50
TAG713,47193,20050303804021,3-Mar-05,KACV,20050303,16:10:00,AKN,20050303,20:06:43,Commercial,Jet,FA50
TAG713,26080,20050303803751,3-Mar-05,AKN,20050303,22:08:00,ANC,20050303,22:53:50,Commercial,Jet,FA50
TAG713,26268,20050304010429,4-Mar-05,ANC,20050304,19:03:00,KACV,20050304,22:29:00,Commercial,Jet,FA50
TAG713,86104,20050304010430,4-Mar-05,ANC,20050304,19:34:36,ACV,20050304,22:39:02,Commercial,Jet,FA50
TAG713,49465,20050307505101,7-Mar-05,ACV,20050307,17:00:00,DAL,20050307,20:14:00,Commercial,Jet,FA50
TAG713,49744,20050307505102,7-Mar-05,DAL,20050307,23:06:00,BTR,20050308,0:01:21,Commercial,Jet,FA50
TAG713,66384,20050308693107,8-Mar-05,BTR,20050308,19:08:00,3R4,20050308,19:39:41,Commercial,Jet,FA50
TAG713,66427,20050308693108,8-Mar-05,3R4,20050308,22:23:00,BTR,20050308,22:49:23,Commercial,Jet,FA50
TAG713,75838,20050309900313,9-Mar-05,BTR,20050309,23:00:00,ACV,20050310,3:20:11,Commercial,Jet,FA50
TAG713,89412,20050314826806,14-Mar-05,ACV,20050314,18:58:00,MHR,20050314,19:31:00,Commercial,Jet,FA50
TAG713,89403,20050315018071,15-Mar-05,MHR,20050315,1:13:00,ACV,20050315,1:48:19,Commercial,Jet,FA50
TAG713,31787,20050316217524,16-Mar-05,ACV,20050316,12:49:00,BTR,20050316,16:40:40,Commercial,Jet,FA50
TAG713,13443,20050317415554,17-Mar-05,BTR,20050317,11:55:00,ACV,20050317,16:30:24,Commercial,Jet,FA50
TAG713,89554,20050322074897,22-Mar-05,ACV,20050322,18:31:00,DFW,20050322,21:34:42,Commercial,Jet,FA50
TAG713,89689,20050322074898,22-Mar-05,DAL,20050322,21:57:58,BTR,20050322,22:49:33,Commercial,Jet,FA50
TAG713,44218,20050324281941,24-Mar-05,BTR,20050324,17:46:00,ACV,20050324,22:10:37,Commercial,Jet,FA50
TAG713,107349,20050325385210,25-Mar-05,ACV,20050325,23:52:00,PSP,20050326,1:16:43,Commercial,Jet,FA50
TAG713,55664,20050328626405,28-Mar-05,PSP,20050328,18:56:00,OAK,20050328,20:08:18,Commercial,Jet,FA50
TAG713,55723,20050328626406,28-Mar-05,OAK,20050328,20:41:00,ACV,20050328,21:25:50,Commercial,Jet,FA50
TAG713,34087,20050401029898,1-Apr-05,ACV,20050401,15:10:00,TEB,20050401,20:05:33,Commercial,Jet,FA50
TAG713,108141,20050403198770,3-Apr-05,TEB,20050403,13:52:00,ACV,20050403,19:42:25,Commercial,Jet,FA50
TAG713,75657,20050404289769,4-Apr-05,ACV,20050404,15:10:00,AXS,20050404,17:48:29,Commercial,Jet,FA50
TAG713,134806,20050404289771,4-Apr-05,AXS,20050404,18:19:00,BTR,20050404,19:31:31,Commercial,TurboProp,F50
TAG713,97400,20050405387139,5-Apr-05,BTR,20050405,21:32:00,AXS,20050405,22:54:14,Commercial,Jet,FA50
TAG713,56188,20050407590359,7-Apr-05,AXS,20050407,16:19:00,ACV,20050407,19:28:48,Commercial,Jet,FA50
TAG713,143785,20050411957126,11-Apr-05,ACV,20050411,17:05:00,SFO,20050411,17:50:53,Commercial,Jet,FA50
TAG713,35699,20050411957125,11-Apr-05,SFO,20050411,20:31:00,OAK,20050411,20:37:30,Commercial,Jet,FA50
TAG713,36361,20050412055057,12-Apr-05,OAK,20050412,4:06:00,ACV,20050412,4:46:31,Commercial,Jet,FA50
TAG713,135642,20050412055058,12-Apr-05,ACV,20050412,16:24:00,TRK,20050412,17:00:51,Commercial,Jet,FA50
TAG713,5205,20050412055056,12-Apr-05,TRK,20050412,17:54:00,OAK,20050412,18:31:41,Commercial,Jet,FA50
TAG713,136121,20050413155926,13-Apr-05,OAK,20050413,3:34:00,ACV,20050413,4:10:52,Commercial,Jet,FA50
TAG713,105991,20050414263638,14-Apr-05,ACV,20050414,14:03:00,BTR,20050414,17:39:33,Commercial,Jet,FA50
TAG713,106033,20050414263639,14-Apr-05,BTR,20050414,18:08:00,CLT,20050414,19:39:00,Commercial,Jet,FA50
TAG713,44161,20050415371544,15-Apr-05,CLT,20050415,2:24:00,BTR,20050415,3:47:29,Commercial,Jet,FA50
TAG713,138882,20050415371545,15-Apr-05,BTR,20050415,18:11:00,HOU,20050415,18:59:28,Commercial,Jet,FA50
TAG713,91541,20050417549375,17-Apr-05,HOU,20050417,19:45:00,AUS,20050417,20:14:44,Commercial,Jet,FA50
TAG713,91653,20050417549376,17-Apr-05,AUS,20050417,21:00:00,ACV,20050418,0:38:54,Commercial,Jet,FA50
TAG713,62878,20050418636853,18-Apr-05,ACV,20050418,1:36:00,BOI,20050418,2:31:35,Commercial,Jet,FA50
TAG713,114723,20050429694301,29-Apr-05,BOI,20050429,19:16:00,ACV,20050429,20:28:10,Commercial,Jet,FA50
TAG713,112947,20050503042599,3-May-05,ACV,20050503,15:32:00,OAK,20050503,16:14:15,Commercial,Jet,FA50
TAG713,114140,20050503042600,3-May-05,OAK,20050503,16:43:00,ACV,20050503,17:19:14,Commercial,Jet,FA50
TAG713,16174,20050508521405,8-May-05,ACV,20050508,16:29:00,TEB,20050508,21:32:00,Commercial,Jet,FA50
TAG713,90938,20050510709798,10-May-05,TEB,20050510,10:49:00,IAD,20050510,11:29:12,Commercial,Jet,FA50
TAG713,111686,20050510709799,10-May-05,IAD,20050510,17:21:00,BTR,20050510,19:20:42,Commercial,Jet,FA50
TAG713,111083,20050512923572,12-May-05,BTR,20050512,19:54:00,ACV,20050513,0:13:17,Commercial,Jet,FA50
TAG713,135724,20050515192977,15-May-05,ACV,20050515,21:41:00,BGR,20050516,2:57:30,Commercial,Jet,FA50
TAG713,136744,20050516280615,16-May-05,BGR,20050516,3:47:51,LPPT,20050516,9:42:09,Commercial,Jet,FA50
TAG713,37424,20050517385581,17-May-05,LPPT,20050517,11:49:53,CYQX,20050517,19:03:52,Commercial,Other,
TAG713,37469,20050517385583,17-May-05,CYYT,20050517,17:30:00,MSP,20050518,0:04:00,Commercial,Jet,FA50
TAG713,37460,20050517385582,17-May-05,MSP,20050517,23:46:00,ACV,20050518,3:33:51,Commercial,Jet,FA50
TAG713,34946,20050527400294,27-May-05,ACV,20050527,21:54:00,OAK,20050527,22:38:19,Commercial,Jet,FA50
TAG713,35163,20050528487092,28-May-05,OAK,20050528,0:06:00,ACV,20050528,0:45:30,Commercial,Jet,FA50
TAG713,25665,20050530639246,30-May-05,ACV,20050530,18:47:00,OAK,20050530,19:36:00,Commercial,Jet,FA50
TAG713,25779,20050530639247,30-May-05,OAK,20050530,20:08:00,PRB,20050530,20:40:05,Commercial,Jet,FA50
TAG713,27339,20050530639248,30-May-05,PRB,20050530,21:22:00,BTR,20050531,0:38:34,Commercial,Jet,FA50
TAG713,77263,20050601835274,1-Jun-05,BTR,20050601,2:19:30,ACV,20050601,7:10:46,Commercial,Jet,FA50
TAG713,115506,20050603047515,3-Jun-05,ACV,20050603,14:15:00,PDX,20050603,15:11:17,Commercial,Jet,FA50
TAG713,115636,20050603047516,3-Jun-05,PDX,20050603,15:43:00,ADQ,20050603,18:48:00,Commercial,Jet,FA50
TAG713,115923,20050603047517,3-Jun-05,ADQ,20050603,20:06:00,KACV,20050603,23:52:24,Commercial,Jet,FA50
TAG713,58069,20050603047514,3-Jun-05,ADQ,20050603,20:22:36,ACV,20050603,23:39:23,Commercial,Jet,FA50
TAG713,13437,20050604133547,4-Jun-05,ACV,20050604,23:10:00,APC,20050604,23:42:16,Commercial,Jet,FA50
TAG713,79774,20050605210558,5-Jun-05,APC,20050605,17:58:00,ACV,20050605,18:37:27,Commercial,Jet,FA50
TAG713,62100,20050605210556,5-Jun-05,ACV,20050605,19:16:00,PDX,20050605,20:06:00,Commercial,Jet,FA50
TAG713,62601,20050605210557,5-Jun-05,PDX,20050605,20:42:00,ADQ,20050605,23:53:00,Commercial,Jet,FA50
TAG713,113394,20050608529839,8-Jun-05,ADQ,20050608,20:34:00,YAK,20050608,21:44:40,Commercial,Jet,FA50
TAG713,113776,20050608529840,8-Jun-05,YAK,20050608,22:30:00,ADQ,20050608,23:32:16,Commercial,Jet,FA50
TAG713,18211,20050609633937,9-Jun-05,ADQ,20050609,0:11:00,YAK,20050609,1:17:54,Commercial,Jet,FA50
TAG713,122428,20050610745565,10-Jun-05,YAK,20050610,22:31:00,PDX,20050611,1:10:13,Commercial,Jet,FA50
TAG713,123214,20050611837611,11-Jun-05,PDX,20050611,1:44:00,ACV,20050611,2:43:41,Commercial,Jet,FA50
TAG713,36261,20050613018028,13-Jun-05,ACV,20050613,17:46:00,BTR,20050613,21:31:45,Commercial,Jet,FA50
TAG713,63728,20050614121897,14-Jun-05,BTR,20050614,20:13:00,ACV,20050615,0:39:58,Commercial,Jet,FA50
TAG713,22986,20050620744800,20-Jun-05,ACV,20050620,19:08:00,BTR,20050620,23:08:32,Commercial,Jet,FA50
TAG713,20834,20050625296550,25-Jun-05,BTR,20050625,15:05:00,ACV,20050625,19:08:30,Commercial,Jet,FA50
TAG713,34224,20050625296551,25-Jun-05,BTR,20050625,15:16:35,AEX,20050625,15:28:00,Commercial,Jet,FA50
TAG713,146566,20050629692650,29-Jun-05,ACV,20050629,15:12:23,SNA,20050629,16:45:00,Commercial,Jet,FA50
TAG713,146977,20050629692651,29-Jun-05,SNA,20050629,18:29:00,ACV,20050629,19:58:07,Commercial,Jet,FA50
TAG713,46074,20050702029114,2-Jul-05,KACV,20050702,16:25:00,AKN,20050702,20:56:39,Commercial,Jet,FA50
TAG713,28321,20050705384353,5-Jul-05,AKN,20050705,18:14:00,KACV,20050705,22:19:06,Commercial,Jet,FA50
TAG713,8110,20050706489248,6-Jul-05,ACV,20050706,15:37:00,BOI,20050706,16:40:49,Commercial,Jet,FA50
TAG713,127149,20050709805279,9-Jul-05,BOI,20050709,21:03:00,ACV,20050709,22:09:45,Commercial,Jet,FA50
TAG713,71119,20050714289092,14-Jul-05,ACV,20050714,19:52:00,SFO,20050714,20:38:52,Commercial,Jet,FA50
TAG713,21329,20050717579692,17-Jul-05,SFO,20050717,18:17:00,ACV,20050717,18:56:56,Commercial,Jet,FA50
TAG713,129944,20050719786750,19-Jul-05,ACV,20050719,15:30:00,MHR,20050719,16:13:00,Commercial,Jet,FA50
TAG713,44680,20050719786749,19-Jul-05,MHR,20050719,23:23:00,ACV,20050720,0:00:08,Commercial,Jet,FA50
TAG713,132233,20050720891987,20-Jul-05,ACV,20050720,14:56:00,SFO,20050720,15:44:08,Commercial,Jet,FA50
TAG713,132914,20050720891988,20-Jul-05,SFO,20050720,16:27:53,OGG,20050720,21:46:22,Commercial,Jet,FA50
TAG713,146955,20050724312583,24-Jul-05,OGG,20050724,18:27:00,SFO,20050724,23:05:59,Commercial,Jet,FA50
TAG713,147070,20050724312584,24-Jul-05,SFO,20050724,23:45:00,ACV,20050725,0:25:52,Commercial,Jet,FA50
TAG713,60119,20050726522438,26-Jul-05,ACV,20050726,0:30:00,PRB,20050726,1:26:49,Commercial,Jet,FA50
TAG713,60472,20050726522752,26-Jul-05,PRB,20050726,1:56:00,BTR,20050726,5:28:56,Commercial,Jet,FA50
TAG713,61091,20050726522753,26-Jul-05,BTR,20050726,6:05:00,ACV,20050726,10:13:23,Commercial,Jet,FA50
TAG713,129425,20050728748916,28-Jul-05,ACV,20050728,13:11:00,BTR,20050728,16:58:41,Commercial,Jet,FA50
TAG713,129560,20050728748917,28-Jul-05,BTR,20050728,17:29:00,TEB,20050728,20:01:00,Commercial,Jet,FA50
TAG713,28742,20050731050269,31-Jul-05,TEB,20050731,22:22:00,BOS,20050731,23:08:00,Commercial,Jet,FA50
TAG713,144838,20050801151956,1-Aug-05,BOS,20050801,19:01:00,TEB,20050801,19:52:43,Commercial,Jet,FA50
TAG713,145197,20050801151957,1-Aug-05,TEB,20050801,20:39:55,ACV,20050802,2:39:28,Commercial,Jet,FA50
TAG713,110012,20050808876946,8-Aug-05,ACV,20050808,15:27:00,SFO,20050808,16:14:11,Commercial,Jet,FA50
TAG713,126166,20050809979064,9-Aug-05,SFO,20050809,16:51:00,ACV,20050809,17:32:59,Commercial,Jet,FA50
TAG713,109802,20050811204663,11-Aug-05,ACV,20050811,16:43:00,SNA,20050811,18:16:00,Commercial,Jet,FA50
TAG713,142821,20050811204664,11-Aug-05,SNA,20050811,22:23:00,ACV,20050811,23:48:27,Commercial,Jet,FA50
TAG713,55247,20050817801334,17-Aug-05,ACV,20050817,14:16:00,FOE,20050817,17:15:08,Commercial,Jet,FA50
TAG713,143824,20050817801336,17-Aug-05,FOE,20050817,20:23:00,ACV,20050817,23:57:10,Commercial,Jet,FA50
TAG713,138980,20050818922621,18-Aug-05,ACV,20050818,15:54:00,OAK,20050818,16:37:16,Commercial,Jet,FA50
TAG713,36003,20050818922619,18-Aug-05,OAK,20050818,22:22:00,ACV,20050818,22:59:11,Commercial,Jet,FA50
TAG713,65263,20050823415105,23-Aug-05,ACV,20050823,13:14:00,PDX,20050823,14:10:58,Commercial,Jet,FA50
TAG713,65351,20050823415106,23-Aug-05,PDX,20050823,14:48:00,TEB,20050823,19:30:00,Commercial,Jet,FA50
TAG713,65447,20050823415107,23-Aug-05,TEB,20050823,20:42:00,IAD,20050823,21:31:28,Commercial,Jet,FA50
TAG713,66261,20050823415108,23-Aug-05,IAD,20050823,22:27:00,TEB,20050823,23:08:00,Commercial,Jet,FA50
TAG713,104177,20050824524081,24-Aug-05,TEB,20050824,11:58:00,ACV,20050824,18:00:16,Commercial,Jet,FA50
TAG713,72441,20050825633937,25-Aug-05,ACV,20050825,21:15:00,MHR,20050825,21:54:01,Commercial,Jet,FA50
TAG713,144350,20050826747424,26-Aug-05,MHR,20050826,5:23:44,ACV,20050826,6:00:29,Commercial,Jet,FA50
TAG713,130134,20050830108491,30-Aug-05,ACV,20050830,12:26:00,LAS,20050830,13:52:00,Commercial,Jet,FA50
TAG713,130196,20050830108492,30-Aug-05,LAS,20050830,14:46:00,BTR,20050830,17:56:10,Commercial,Jet,FA50
TAG713,19064,20050901324048,1-Sep-05,BTR,20050901,17:59:00,HOT,20050901,18:41:06,Commercial,Jet,FA50
TAG713,19114,20050901324049,1-Sep-05,HOT,20050901,19:20:00,BTR,20050901,20:02:00,Commercial,Jet,FA50
TAG713,70232,20050902441854,2-Sep-05,BTR,20050902,20:35:00,LAS,20050902,23:56:00,Commercial,Jet,FA50
TAG713,92470,20050903530924,3-Sep-05,LAS,20050903,0:39:00,ACV,20050903,2:03:39,Commercial,Jet,FA50
TAG713,96021,20050905705027,5-Sep-05,ACV,20050905,20:57:00,OAK,20050905,21:42:00,Commercial,Jet,FA50
TAG713,96545,20050905705028,5-Sep-05,OAK,20050905,22:32:00,ACV,20050905,23:11:19,Commercial,Jet,FA50
TAG713,94450,20050906802038,6-Sep-05,ACV,20050906,18:22:00,BTR,20050906,22:11:19,Commercial,Jet,FA50
TAG713,136411,20050906802039,6-Sep-05,BTR,20050906,23:00:00,SHV,20050906,23:34:50,Commercial,Jet,FA50
TAG713,65092,20050909128218,9-Sep-05,SHV,20050909,15:44:00,BTR,20050909,16:24:00,Commercial,Jet,FA50
TAG713,65573,20050909128219,9-Sep-05,BTR,20050909,19:16:00,ACV,20050909,23:27:18,Commercial,Jet,FA50
TAG713,40681,20050914619088,14-Sep-05,ACV,20050914,12:17:00,OLM,20050914,13:26:25,Commercial,Jet,FA50
TAG713,59472,20050914619089,14-Sep-05,OLM,20050914,13:26:00,PDX,20050914,13:47:56,Commercial,Jet,FA50
TAG713,64598,20050914619090,14-Sep-05,PDX,20050914,14:17:00,ACV,20050914,15:12:28,Commercial,Jet,FA50
TAG713,123672,20050920205896,20-Sep-05,ACV,20050920,20:52:00,SMF,20050920,21:27:19,Commercial,Jet,FA50
TAG713,123844,20050920205897,20-Sep-05,SMF,20050920,21:46:00,ACV,20050920,22:20:20,Commercial,Jet,FA50
TAG713,89533,20050922429918,22-Sep-05,ACV,20050922,14:08:00,PRB,20050922,15:08:17,Commercial,Jet,FA50
TAG713,89769,20050922429919,22-Sep-05,PRB,20050922,15:39:00,OAK,20050922,16:12:05,Commercial,Jet,FA50
TAG713,14637,20050923538912,23-Sep-05,OAK,20050923,20:30:00,ACV,20050923,21:12:51,Commercial,Jet,FA50
TAG713,92761,20050927896093,27-Sep-05,ACV,20050927,0:59:00,BTR,20050927,4:52:11,Commercial,Jet,FA50
TAG713,93280,20050927896094,27-Sep-05,BTR,20050927,5:30:00,SHV,20050927,6:06:00,Commercial,Jet,FA50
TAG713,125142,20050930214405,30-Sep-05,SHV,20050930,11:50:00,BTR,20050930,12:26:57,Commercial,Jet,FA50
TAG713,125917,20050930214406,30-Sep-05,BTR,20050930,13:00:32,PRB,20050930,17:06:32,Commercial,Jet,FA50
TAG713,125980,20050930214686,30-Sep-05,PRB,20050930,17:29:00,ACV,20050930,18:26:57,Commercial,Jet,FA50
TAG713,85106,20051002394867,2-Oct-05,ACV,20051002,15:44:00,OAK,20051002,16:28:02,Commercial,Jet,FA50
TAG713,85966,20051002394868,2-Oct-05,OAK,20051002,17:16:00,ACV,20051002,17:54:12,Commercial,Jet,FA50
TAG713,50898,20051004582246,4-Oct-05,ACV,20051004,15:20:00,TEB,20051004,20:26:00,Commercial,Jet,FA50
TAG713,37733,20051006792489,6-Oct-05,TEB,20051006,10:52:00,PRB,20051006,16:43:00,Commercial,Jet,FA50
TAG713,37820,20051006792490,6-Oct-05,PRB,20051006,17:15:00,ACV,20051006,18:16:26,Commercial,Jet,FA50
TAG713,116635,20051006792491,6-Oct-05,KACV,20051006,19:11:00,CDB,20051006,23:38:42,Commercial,Jet,FA50
TAG713,12994,20051010149289,10-Oct-05,CDB,20051010,21:58:00,KACV,20051010,23:10:00,Commercial,Jet,FA50
TAG713,27481,20051011243524,11-Oct-05,ACV,20051011,0:55:00,PRB,20051011,3:14:00,Commercial,Jet,
TAG713,36570,20051011243525,11-Oct-05,PRB,20051011,3:33:00,ACV,20051011,4:32:31,Commercial,Jet,FA50
TAG713,109809,20051015653337,15-Oct-05,ACV,20051015,22:59:00,OAK,20051015,23:44:08,Commercial,Jet,FA50
TAG713,134859,20051016730177,16-Oct-05,OAK,20051016,7:45:00,ACV,20051016,8:27:42,Commercial,Jet,FA50
TAG713,27390,20051020145110,20-Oct-05,ACV,20051020,19:30:00,SFO,20051020,20:11:00,Commercial,Jet,FA50
TAG713,27520,20051020145111,20-Oct-05,SFO,20051020,20:56:49,RDD,20051020,23:27:36,Commercial,Jet,FA50
TAG713,88311,20051021260324,21-Oct-05,RDD,20051021,0:15:00,ACV,20051021,0:40:03,Commercial,Jet,FA50
TAG713,25694,20051021260323,21-Oct-05,ACV,20051021,17:16:00,OAK,20051021,18:06:23,Commercial,Jet,FA50
TAG713,92670,20051022335455,22-Oct-05,OAK,20051022,4:24:00,ACV,20051022,6:21:37,Commercial,Jet,FA50
TAG713,149633,20051022335457,22-Oct-05,OAK,20051022,18:22:00,ACV,20051022,18:59:07,Commercial,Jet,FA50
TAG713,132266,20051022335456,22-Oct-05,ACV,20051022,19:22:00,OAK,20051022,20:06:43,Commercial,Jet,FA50
TAG713,76093,20051023417337,23-Oct-05,OAK,20051023,16:56:00,ACV,20051023,17:31:43,Commercial,Jet,FA50
TAG713,17134,20051028945073,28-Oct-05,ACV,20051028,15:49:00,IAD,20051028,20:44:41,Commercial,Jet,FA50
TAG713,56479,20051031224227,31-Oct-05,IAD,20051031,12:56:00,ACV,20051031,18:39:30,Commercial,Jet,FA50
TAG713,51514,20051101322431,1-Nov-05,ACV,20051101,17:19:00,GEG,20051101,19:54:38,Commercial,Jet,FA50
TAG713,101906,20051101322433,1-Nov-05,GEG,20051101,23:39:00,ACV,20051102,1:11:19,Commercial,Jet,FA50
TAG713,89251,20051103525491,3-Nov-05,ACV,20051103,23:12:00,BTR,20051104,2:53:00,Commercial,Jet,FA50
TAG713,89571,20051104631790,4-Nov-05,BTR,20051104,3:25:00,ACV,20051104,7:57:42,Commercial,Jet,FA50
TAG713,38558,20051110184692,10-Nov-05,ACV,20051110,16:59:35,GEG,20051110,18:11:36,Commercial,Jet,FA50
TAG713,38984,20051110184693,10-Nov-05,GEG,20051110,20:57:00,ACV,20051110,22:14:36,Commercial,Jet,FA50
TAG713,88707,20051114546840,14-Nov-05,ACV,20051114,14:04:00,BTR,20051114,17:48:56,Commercial,Jet,FA50
TAG713,37627,20051118948462,18-Nov-05,BTR,20051118,19:02:00,ACV,20051118,23:18:48,Commercial,Jet,FA50
TAG713,130593,20051120113650,20-Nov-05,ACV,20051120,21:43:00,SFO,20051120,22:24:35,Commercial,Jet,FA50
TAG713,93062,20051121202384,21-Nov-05,SFO,20051121,23:38:00,RDD,20051122,1:03:33,Commercial,Jet,FA50
TAG713,41210,20051122294579,22-Nov-05,RDD,20051122,18:15:00,ACV,20051122,18:41:37,Commercial,Jet,FA50
TAG713,40062,20051123406463,23-Nov-05,ACV,20051123,17:03:00,OAK,20051123,17:47:00,Commercial,Jet,FA50
TAG713,40364,20051123406464,23-Nov-05,OAK,20051123,19:54:00,ACV,20051123,20:30:55,Commercial,Jet,FA50
TAG713,100581,20051127697875,27-Nov-05,ACV,20051127,17:41:00,OAK,20051127,18:21:32,Commercial,Jet,FA50
TAG713,100831,20051127697876,27-Nov-05,OAK,20051127,18:57:00,ACV,20051127,19:39:59,Commercial,Jet,FA50
TAG713,119763,20051205994086,5-Dec-05,ACV,20051205,18:05:00,SFO,20051205,18:49:05,Commercial,Jet,FA50
TAG713,51493,20051206402845,6-Dec-05,SFO,20051206,6:34:00,ACV,20051206,7:12:06,Commercial,Jet,FA50
TAG713,2964,20051207498601,7-Dec-05,ACV,20051207,19:53:00,MHR,20051207,20:30:16,Commercial,Jet,FA50
TAG713,3189,20051208300127,8-Dec-05,MHR,20051208,2:13:00,ACV,20051208,2:51:58,Commercial,Jet,FA50
TAG713,35320,20051209601167,9-Dec-05,ACV,20051209,3:16:00,BTR,20051209,7:12:58,Commercial,Jet,FA50
TAG713,135488,20051211150493,11-Dec-05,BTR,20051211,15:04:50,ACV,20051211,19:17:35,Commercial,Jet,FA50
TAG713,82232,20051213866682,13-Dec-05,ACV,20051213,17:40:00,SEE,20051213,19:13:00,Commercial,Jet,FA50
TAG713,125644,20051213866683,13-Dec-05,SEE,20051213,21:38:00,ACV,20051213,23:10:19,Commercial,Jet,FA50
TAG713,50612,20051216804155,16-Dec-05,ACV,20051216,16:11:00,SFO,20051216,16:58:11,Commercial,Jet,FA50
TAG713,143513,20051217973781,17-Dec-05,SFO,20051217,5:44:00,ACV,20051217,6:25:19,Commercial,Jet,FA50
TAG713,8214,20060111520092,11-Jan-06,ACV,20060111,1:26:00,OAK,20060111,2:09:19,Commercial,Jet,FA50
TAG713,8627,20060111518632,11-Jan-06,OAK,20060111,6:11:00,ACV,20060111,6:57:40,Commercial,Jet,FA50
TAG713,96191,20060111557257,11-Jan-06,ACV,20060111,21:19:21,KOA,20060112,2:45:02,Commercial,Jet,FA50
TAG713,96272,20060112667080,12-Jan-06,KOA,20060112,20:30:00,KOA,20060112,20:56:49,Commercial,Jet,FA50
TAG713,22988,20060116637186,16-Jan-06,KOA,20060116,18:53:00,ACV,20060116,23:25:50,Commercial,Jet,FA50
TAG713,51490,20060117725995,17-Jan-06,ACV,20060117,0:12:04,BTR,20060117,3:53:59,Commercial,Jet,FA50
TAG713,78690,20060119916687,19-Jan-06,BTR,20060119,17:55:00,AXS,20060119,19:30:26,Commercial,Jet,FA50
TAG713,79313,20060119916688,19-Jan-06,AXS,20060119,23:06:00,ACV,20060120,2:27:24,Commercial,Jet,FA50
TAG713,116521,20060121093344,21-Jan-06,ACV,20060121,0:50:00,SMO,20060121,2:11:00,Commercial,Jet,FA50
TAG713,28099,20060127447058,27-Jan-06,ACV,20060127,15:22:00,BTR,20060127,18:59:53,Commercial,Jet,FA50
TAG713,28332,20060127447059,27-Jan-06,BTR,20060127,19:48:00,ACV,20060128,0:18:18,Commercial,Jet,FA50
TAG713,115071,20060129601140,29-Jan-06,ACV,20060129,21:48:00,LAS,20060129,23:12:00,Commercial,Jet,FA50
TAG713,34596,20060130679717,30-Jan-06,LAS,20060130,20:01:00,PSP,20060130,20:32:53,Commercial,Jet,FA50
TAG713,112570,20060131817307,31-Jan-06,PSP,20060131,6:04:28,BTR,20060131,8:53:28,Commercial,Jet,FA50
TAG713,14712,20060201656056,1-Feb-06,BTR,20060201,14:18:00,ACV,20060201,19:03:21,Commercial,Jet,FA50
TAG713,5955,20060202750582,2-Feb-06,ACV,20060202,14:29:00,DEN,20060202,16:26:13,Commercial,Jet,FA50
TAG713,60958,20060202750584,2-Feb-06,DEN,20060202,19:55:00,ACV,20060202,22:38:32,Commercial,Jet,FA50
TAG713,125718,20060206076685,6-Feb-06,ACV,20060206,14:49:00,BTR,20060206,23:27:51,Commercial,Jet,FA50
TAG713,82587,20060208640119,8-Feb-06,BTR,20060208,21:25:41,TEB,20060208,23:46:35,Commercial,Jet,FA50
TAG713,82591,20060209740919,9-Feb-06,TEB,20060209,3:50:00,BTR,20060209,6:32:10,Commercial,Jet,FA50
TAG713,37530,20060210845570,10-Feb-06,BTR,20060210,19:47:00,ACV,20060211,0:31:31,Commercial,Jet,FA50
TAG713,17158,20060213082172,13-Feb-06,ACV,20060213,15:16:00,DEN,20060213,17:32:58,Commercial,Jet,FA50
TAG713,17743,20060213082173,13-Feb-06,DEN,20060213,20:05:19,ACV,20060213,22:20:23,Commercial,Jet,FA50
TAG713,129135,20060216833719,16-Feb-06,ACV,20060216,15:38:00,SFO,20060216,16:23:29,Commercial,Jet,FA50
TAG713,129626,20060216833722,16-Feb-06,SFO,20060216,21:30:00,ACV,20060216,22:07:23,Commercial,Jet,FA50
TAG713,114690,20060217912421,17-Feb-06,ACV,20060217,13:54:00,OAK,20060217,14:41:00,Commercial,Jet,FA50
TAG713,116061,20060217966933,17-Feb-06,OAK,20060217,15:52:00,ACV,20060217,16:30:19,Commercial,Jet,FA50
TAG713,115855,20060217981376,17-Feb-06,ACV,20060217,22:34:00,OAK,20060217,23:20:00,Commercial,Jet,FA50
TAG713,116384,20060217982931,17-Feb-06,OAK,20060217,23:55:00,ACV,20060218,0:33:31,Commercial,Jet,FA50
TAG713,108469,20060218066476,18-Feb-06,ACV,20060218,18:49:00,OAK,20060218,19:33:38,Commercial,Jet,FA50
TAG713,110300,20060218066489,18-Feb-06,OAK,20060218,20:04:46,TUS,20060218,21:36:00,Commercial,Jet,FA50
TAG713,116364,20060218066490,18-Feb-06,TUS,20060218,22:29:00,CYQX,20060219,3:57:26,Commercial,Jet,FA50
TAG713,116877,20060219088936,19-Feb-06,CYQX,20060219,5:48:00,LETO,20060219,11:01:12,Commercial,Jet,FA50
TAG713,41921,20060221284760,21-Feb-06,LETO,20060221,8:31:58,EGGW,20060221,10:22:12,Commercial,Jet,FA50
TAG713,56486,20060221284761,21-Feb-06,EGGW,20060221,18:09:39,LPPT,20060221,20:34:59,Commercial,Jet,FA50
TAG713,84729,20060222412685,22-Feb-06,LPPT,20060222,22:26:04,CYQX,20060223,3:50:05,Commercial,Jet,FA50
TAG713,85225,20060223448010,23-Feb-06,CYQX,20060223,4:43:24,BTR,20060223,10:43:32,Commercial,Jet,FA50
TAG713,48932,20060224619395,24-Feb-06,BTR,20060224,18:29:00,DAL,20060224,19:36:04,Commercial,Jet,FA50
TAG713,49385,20060224619396,24-Feb-06,DAL,20060224,20:05:59,ORD,20060224,21:58:00,Commercial,Jet,FA50
TAG713,49650,20060224619397,24-Feb-06,ORD,20060224,23:08:00,BTR,20060225,1:00:23,Commercial,Jet,FA50
TAG713,95269,20060226746349,26-Feb-06,BTR,20060226,14:20:00,ACV,20060226,18:54:20,Commercial,Jet,FA50
TAG713,71491,20060227821273,27-Feb-06,ACV,20060227,14:56:45,BOI,20060227,15:53:10,Commercial,Jet,FA50
TAG713,129489,20060428724824,28-Apr-06,BOI,20060428,17:46:00,BOI,20060428,18:37:47,Commercial,Jet,FA50
TAG713,25691,20060428724823,28-Apr-06,BOI,20060428,22:28:00,ACV,20060428,23:36:55,Commercial,Jet,FA50
TAG713,62308,20060503014817,3-May-06,ACV,20060503,1:03:00,RDD,20060503,1:31:50,Commercial,Jet,FA50
TAG713,77666,20060503014818,3-May-06,RDD,20060503,4:43:00,ACV,20060503,5:04:19,Commercial,Jet,FA50
TAG713,29964,20060508358537,8-May-06,ACV,20060508,19:39:00,SNA,20060508,21:05:15,Commercial,Jet,FA50
TAG713,78504,20060509453131,9-May-06,SNA,20060509,4:07:00,ACV,20060509,5:40:51,Commercial,Jet,FA50
TAG713,39646,20060510555342,10-May-06,ACV,20060510,21:38:00,OAK,20060510,22:24:59,Commercial,Jet,FA50
TAG713,114181,20060512765908,12-May-06,OAK,20060512,15:01:00,ACV,20060512,15:55:13,Commercial,Jet,FA50
TAG713,67551,20060514920028,14-May-06,ACV,20060514,20:46:00,BGR,20060515,2:27:17,Commercial,Jet,FA50
TAG713,68601,20060515012477,15-May-06,BGR,20060515,3:12:00,LPPT,20060515,9:36:14,Commercial,Jet,FA50
TAG713,120,20060516109644,16-May-06,LPPT,20060516,22:13:20,CYQX,20060517,4:02:48,Commercial,Jet,FA50
TAG713,118,20060517218377,17-May-06,CYQX,20060517,4:40:00,BTR,20060517,9:22:46,Commercial,Jet,FA50
TAG713,7191,20060519428280,19-May-06,BTR,20060519,19:40:00,OMA,20060519,21:28:07,Commercial,Jet,FA50
TAG713,35681,20060521592356,21-May-06,OMA,20060521,15:55:00,ACV,20060521,19:13:00,Commercial,Jet,FA50
TAG713,38284,20060522681605,22-May-06,ACV,20060522,20:43:00,PRB,20060522,21:45:07,Commercial,Jet,FA50
TAG713,38145,20060522681604,22-May-06,PRB,20060522,22:13:00,ACV,20060522,23:14:05,Commercial,Jet,FA50
TAG713,143914,20060525003216,25-May-06,ACV,20060525,13:39:00,PHX,20060525,15:31:05,Commercial,Jet,FA50
TAG713,142679,20060525003215,25-May-06,PHX,20060525,18:19:00,ACV,20060525,20:12:28,Commercial,Jet,FA50
TAG713,123520,20060527190667,27-May-06,ACV,20060527,14:43:00,PDX,20060527,15:43:39,Commercial,Jet,FA50
TAG713,123861,20060527190668,27-May-06,PDX,20060527,16:17:00,ADQ,20060527,19:25:31,Commercial,Jet,FA50
TAG713,8877,20060602055849,2-Jun-06,ADQ,20060602,19:53:00,PDX,20060602,23:11:49,Commercial,Jet,FA50
TAG713,83824,20060603139415,3-Jun-06,PDX,20060603,1:55:00,ACV,20060603,2:55:18,Commercial,Jet,FA50
TAG713,83950,20060603139416,3-Jun-06,ACV,20060603,3:23:00,APC,20060603,4:02:48,Commercial,Jet,FA50
TAG713,84198,20060603139417,3-Jun-06,APC,20060603,4:40:00,ACV,20060603,5:22:06,Commercial,Jet,FA50
TAG713,88654,20060604216405,4-Jun-06,ACV,20060604,19:06:00,BTR,20060604,22:53:33,Commercial,Jet,FA50
TAG713,8266,20060606584650,6-Jun-06,BTR,20060606,16:21:00,ACV,20060606,20:24:44,Commercial,Jet,FA50
TAG713,99251,20060612164538,12-Jun-06,ACV,20060612,17:04:00,SFO,20060612,17:54:16,Commercial,Jet,FA50
TAG713,147965,20060612164539,12-Jun-06,SFO,20060612,22:14:00,ACV,20060612,22:51:55,Commercial,Jet,FA50
TAG713,5150,20060615473598,15-Jun-06,ACV,20060615,0:16:00,OAK,20060615,0:57:43,Commercial,Jet,FA50
TAG713,5705,20060615473888,15-Jun-06,OAK,20060615,3:56:00,ACV,20060615,4:41:31,Commercial,Jet,FA50
TAG713,17430,20060616588219,16-Jun-06,ACV,20060616,1:06:47,MMSD,20060616,4:11:00,Commercial,Jet,FA50
TAG713,43734,20060618764211,18-Jun-06,MMSD,20060618,20:03:47,OAK,20060618,22:36:59,Commercial,Jet,FA50
TAG713,44368,20060618764212,18-Jun-06,OAK,20060618,23:13:00,ACV,20060618,23:52:27,Commercial,Jet,FA50
TAG713,121594,20060622174298,22-Jun-06,ACV,20060622,17:01:00,SFO,20060622,17:45:51,Commercial,Jet,FA50
TAG713,8038,20060623286571,23-Jun-06,SFO,20060623,16:23:00,ACV,20060623,17:02:51,Commercial,Jet,FA50
TAG713,79024,20060625469666,25-Jun-06,ACV,20060625,14:49:00,ANC,20060625,18:20:54,Commercial,Jet,FA50
TAG713,79330,20060625469667,25-Jun-06,ANC,20060625,19:03:00,AKN,20060625,19:52:12,Commercial,Jet,FA50
TAG713,29257,20060626561797,26-Jun-06,AKN,20060626,13:30:00,SEA,20060626,16:42:53,Commercial,Jet,FA50
TAG713,101438,20060626561798,26-Jun-06,SEA,20060626,18:30:00,AKN,20060626,21:43:47,Commercial,Jet,FA50
TAG713,130288,20060629879423,29-Jun-06,AKN,20060629,22:46:00,ANC,20060629,23:29:16,Commercial,Jet,FA50
TAG713,130893,20060630998593,30-Jun-06,ANC,20060630,0:41:00,PDX,20060630,3:54:00,Commercial,Jet,FA50
TAG713,131120,20060630998594,30-Jun-06,PDX,20060630,4:14:00,ACV,20060630,5:04:05,Commercial,Jet,FA50
TAG713,48873,20060703245223,3-Jul-06,ACV,20060703,23:34:57,CYYZ,20060704,4:04:42,Commercial,Jet,FA50
TAG713,69984,20060704326698,4-Jul-06,CYYZ,20060704,5:09:56,CYHZ,20060704,6:45:55,Commercial,Jet,FA50
TAG713,50500,20060704326697,4-Jul-06,CYHZ,20060704,7:38:00,EGLF,20060704,13:01:47,Commercial,Jet,FA50
TAG713,36744,20060707640784,7-Jul-06,EGLF,20060707,9:00:00,LPPT,20060707,11:29:42,Commercial,Jet,FA50
TAG713,48390,20060720960703,20-Jul-06,LIRN,20060720,16:20:33,BIKF,20060720,21:30:00,Commercial,Jet,FA50
TAG713,26204,20060720960702,20-Jul-06,BIKF,20060720,22:48:45,BGR,20060721,3:27:50,Commercial,Jet,FA50
TAG713,69687,20060721075591,21-Jul-06,BGR,20060721,16:09:00,ACV,20060721,22:36:42,Commercial,Jet,FA50
TAG713,45965,20060801090392,1-Aug-06,ACV,20060801,0:33:00,BTR,20060801,4:40:38,Commercial,Jet,FA50
TAG713,112824,20060803350228,3-Aug-06,BTR,20060803,15:02:00,BTR,20060803,15:21:00,Commercial,Jet,FA50
TAG713,13258,20060803350229,3-Aug-06,BTR,20060803,19:16:00,IAH,20060803,20:17:38,Commercial,Jet,FA50
TAG713,124076,20060804461207,4-Aug-06,IAH,20060804,14:52:00,ACV,20060804,18:33:17,Commercial,Jet,FA50
TAG713,97211,20060808868845,8-Aug-06,ACV,20060808,20:59:25,OAK,20060808,21:42:51,Commercial,Jet,FA50
TAG713,80969,20060810084211,10-Aug-06,OAK,20060810,16:52:00,ACV,20060810,17:31:54,Commercial,Jet,FA50
TAG713,81860,20060813383082,13-Aug-06,ACV,20060813,18:51:00,BTR,20060813,22:57:24,Commercial,Jet,FA50
TAG713,84832,20060814487103,14-Aug-06,BTR,20060814,19:58:00,GSO,20060814,21:44:00,Commercial,Jet,FA50
TAG713,72256,20060815992859,15-Aug-06,GSO,20060815,15:54:00,PDK,20060815,16:43:00,Commercial,Jet,FA50
TAG713,103260,20060815992860,15-Aug-06,PDK,20060815,19:52:00,BTR,20060815,20:56:56,Commercial,Jet,FA50
TAG713,56217,20060822690095,22-Aug-06,BTR,20060822,21:04:00,ACV,20060823,1:20:00,Commercial,Jet,FA50
TAG713,62094,20060823799837,23-Aug-06,ACV,20060823,13:42:00,BTR,20060823,17:36:00,Commercial,Jet,FA50
TAG713,80573,20060824909348,24-Aug-06,BTR,20060824,13:03:00,SLC,20060824,16:03:35,Commercial,Jet,FA50
TAG713,130210,20060824909349,24-Aug-06,SLC,20060824,20:20:00,BTR,20060824,23:03:11,Commercial,Jet,FA50
TAG713,84412,20060826104583,26-Aug-06,BTR,20060826,16:24:00,ACV,20060826,20:45:53,Commercial,Jet,FA50
TAG713,56758,20060828476050,28-Aug-06,ACV,20060828,14:57:00,MHR,20060828,15:36:45,Commercial,Jet,FA50
TAG713,110782,20060828476051,28-Aug-06,MHR,20060828,19:55:00,ACV,20060828,20:32:22,Commercial,Jet,FA50
TAG713,37273,20060831791963,31-Aug-06,ACV,20060831,15:03:56,BTR,20060831,18:50:15,Commercial,Jet,FA50
TAG713,61627,20060901898648,1-Sep-06,BTR,20060901,18:17:00,ACV,20060901,22:30:41,Commercial,Jet,FA50
TAG713,27235,20060902985217,2-Sep-06,ACV,20060902,17:42:00,APC,20060902,18:26:25,Commercial,Jet,FA50
TAG713,125572,20060903053228,3-Sep-06,APC,20060903,21:26:00,ACV,20060903,22:01:59,Commercial,Jet,FA50
TAG713,76933,20060904137355,4-Sep-06,ACV,20060904,20:06:00,BTR,20060904,23:50:14,Commercial,Jet,FA50
TAG713,77093,20060905230283,5-Sep-06,BTR,20060905,0:22:00,MDW,20060905,2:09:30,Commercial,Jet,FA50
TAG713,59503,20060905230282,5-Sep-06,MDW,20060905,17:58:51,TEB,20060905,19:29:14,Commercial,Jet,FA50
TAG713,98364,20060906334328,6-Sep-06,TEB,20060906,2:37:00,BGR,20060906,3:30:46,Commercial,Jet,FA50
TAG713,98898,20060906334329,6-Sep-06,BGR,20060906,4:13:00,LPPT,20060906,9:32:22,Commercial,Jet,FA50
TAG713,10822,20060908555026,8-Sep-06,LPPT,20060908,9:40:00,CYQX,20060908,15:10:50,Commercial,Jet,FA50
TAG713,10828,20060908555027,8-Sep-06,CYQX,20060908,15:49:00,MSP,20060908,20:03:17,Commercial,Jet,FA50
TAG713,83909,20060908555028,8-Sep-06,MSP,20060908,20:58:00,ACV,20060909,0:30:27,Commercial,Jet,FA50
TAG713,17058,20060911819530,11-Sep-06,ACV,20060911,21:46:00,BTR,20060912,1:46:00,Commercial,Jet,FA50
TAG713,71921,20060915338151,15-Sep-06,BTR,20060915,14:31:00,ACV,20060915,18:59:45,Commercial,Jet,FA50
TAG713,148057,,19-Sep-06,ACV,20060919,16:32:00,OAK,20060919,17:10:38,Commercial,Jet,FA50
TAG713,148159,,19-Sep-06,OAK,20060919,17:48:00,SCK,20060919,18:04:38,Commercial,Jet,FA50
TAG713,148727,,19-Sep-06,SCK,20060919,18:28:00,OAK,20060919,18:41:23,Commercial,Jet,FA50
TAG713,148927,,19-Sep-06,OAK,20060919,21:58:51,ACV,20060919,22:39:00,Commercial,Jet,FA50
TAG713,113059,20061001067567,1-Oct-06,ACV,20061001,17:44:00,BTR,20061001,21:32:01,Commercial,Jet,FA50
TAG713,119199,20061004016635,4-Oct-06,BTR,20061004,18:24:00,ACV,20061004,22:32:35,Commercial,Jet,FA50
TAG713,59612,20061008409169,8-Oct-06,ACV,20061008,18:19:00,HOU,20061008,22:09:05,Commercial,Jet,FA50
TAG713,59991,20061008409170,8-Oct-06,HOU,20061008,22:35:00,BTR,20061008,23:16:28,Commercial,Jet,FA50
TAG713,119165,20061009495788,9-Oct-06,BTR,20061009,0:30:00,ACV,20061009,4:32:57,Commercial,Jet,FA50
TAG713,136292,20061011693621,11-Oct-06,ACV,20061011,23:15:00,OTH,20061011,23:46:47,Commercial,Jet,FA50
TAG713,136869,20061012798595,12-Oct-06,OTH,20061012,5:35:00,ACV,20061012,6:06:39,Commercial,Jet,FA50
TAG713,65601,20061012798593,12-Oct-06,ACV,20061012,15:51:00,OAK,20061012,16:33:19,Commercial,Jet,FA50
TAG713,99668,20061012798594,12-Oct-06,OAK,20061012,21:54:00,ACV,20061012,22:31:28,Commercial,Jet,FA50
TAG713,149134,20061015071202,15-Oct-06,ACV,20061015,18:12:00,BTR,20061015,22:04:27,Commercial,Jet,FA50
TAG713,78734,20061017262250,17-Oct-06,BTR,20061017,14:02:00,TEB,20061017,16:24:26,Commercial,Jet,FA50
TAG713,139620,20061018362346,18-Oct-06,TEB,20061018,13:25:00,PVD,20061018,14:00:00,Commercial,Jet,FA50
TAG713,139760,20061018362347,18-Oct-06,PVD,20061018,18:44:00,BTR,20061018,21:55:50,Commercial,Jet,FA50
TAG713,121671,20061020483270,20-Oct-06,BTR,20061020,2:01:00,ACV,20061020,6:26:04,Commercial,Jet,FA50
TAG713,7876,20061108912526,8-Nov-06,ACV,20061108,14:09:00,MHR,20061108,14:47:51,Commercial,Jet,FA50
TAG713,113274,20061109020035,9-Nov-06,MHR,20061109,0:25:00,ACV,20061109,1:09:15,Commercial,Jet,FA50
TAG713,15072,20061109020034,9-Nov-06,ACV,20061109,16:07:00,BTR,20061109,19:55:30,Commercial,Jet,FA50
TAG713,91973,20061112279010,12-Nov-06,BTR,20061112,22:18:00,CYQX,20061113,2:39:24,Commercial,Jet,FA50
TAG713,4462,20061113365181,13-Nov-06,CYQX,20061113,3:49:00,LPPT,20061113,8:48:09,Commercial,Jet,FA50
TAG713,77859,20061116274135,16-Nov-06,EGKK,20061116,1:00:00,CYQX,20061116,9:19:11,Commercial,Jet,FA50
TAG713,252,20061116274134,16-Nov-06,CYQX,20061116,23:37:00,BWI,20061117,2:41:29,Commercial,Jet,FA50
TAG713,88447,20061117378953,17-Nov-06,BWI,20061117,3:33:00,BTR,20061117,5:52:07,Commercial,Jet,FA50
TAG713,110258,20061117378955,17-Nov-06,BTR,20061117,6:30:00,ACV,20061117,11:09:58,Commercial,Jet,FA50
TAG713,107915,20061119546528,19-Nov-06,ACV,20061119,20:35:00,SFO,20061119,21:46:28,Commercial,Jet,FA50
TAG713,107912,20061119546527,19-Nov-06,SFO,20061119,22:19:00,ACV,20061119,22:56:58,Commercial,Jet,FA50
TAG713,34663,20061122559082,22-Nov-06,ACV,20061122,13:55:00,BTR,20061122,17:34:00,Commercial,Jet,FA50
TAG713,34704,20061122559083,22-Nov-06,BTR,20061122,19:16:00,ACV,20061122,23:36:56,Commercial,Jet,FA50
TAG713,14695,20061125744679,25-Nov-06,ACV,20061125,16:40:00,SFO,20061125,17:21:25,Commercial,Jet,FA50
TAG713,14780,20061126970397,26-Nov-06,SFO,20061126,0:27:59,ACV,20061126,1:07:14,Commercial,Jet,FA50
TAG713,122885,20061126012033,26-Nov-06,ACV,20061126,20:21:00,BTR,20061127,0:04:35,Commercial,Jet,FA50
TAG713,123307,20061127065361,27-Nov-06,BTR,20061127,0:46:00,ACV,20061127,5:10:32,Commercial,Jet,FA50
TAG713,114139,20061128140008,28-Nov-06,ACV,20061128,1:30:00,CYQX,20061128,7:46:48,Commercial,Jet,FA50
TAG713,139165,20061128222074,28-Nov-06,CYQX,20061128,8:36:00,EGKB,20061128,12:55:36,Commercial,Jet,FA50
TAG713,41602,20061128223117,28-Nov-06,EGKB,20061128,19:53:02,CYQX,20061129,1:11:13,Commercial,Jet,FA50
TAG713,92059,20061129260838,29-Nov-06,CYQX,20061129,1:50:00,FAR,20061129,6:35:44,Commercial,Jet,FA50
TAG713,92622,20061129260839,29-Nov-06,FAR,20061129,7:13:00,ACV,20061129,10:12:18,Commercial,Jet,FA50
TAG713,133421,20061201481155,1-Dec-06,ACV,20061201,15:56:00,MHR,20061201,16:38:00,Commercial,Jet,FA50
TAG713,17280,20061201481156,1-Dec-06,MHR,20061201,22:02:59,ACV,20061201,22:42:43,Commercial,Jet,FA50
TAG713,112677,20061206207379,6-Dec-06,ACV,20061206,20:00:00,BTR,20061206,23:53:03,Commercial,Jet,FA50
TAG713,124564,20061210554530,10-Dec-06,BTR,20061210,16:02:00,ACV,20061210,20:22:28,Commercial,Jet,FA50
TAG713,37116,20061214528325,14-Dec-06,ACV,20061214,2:50:00,EWR,20061214,7:32:27,Commercial,Jet,FA50
TAG713,30878,20061215629482,15-Dec-06,EWR,20061215,3:23:00,MEM,20061215,7:45:00,Commercial,Jet,FA50
TAG713,86794,20061215629484,15-Dec-06,MEM,20061215,17:26:00,BTR,20061215,18:12:44,Commercial,Jet,FA50
TAG713,139162,20061216717969,16-Dec-06,BTR,20061216,0:06:00,ACV,20061216,4:44:13,Commercial,Jet,FA50
TAG713,97209,20061220916516,20-Dec-06,ACV,20061220,17:31:00,SFO,20061220,18:23:27,Commercial,Jet,FA50
TAG713,97558,20061220916517,20-Dec-06,SFO,20061220,19:04:00,ACV,20061220,19:45:58,Commercial,Jet,FA50
TAG713,133038,20061221018535,21-Dec-06,ACV,20061221,1:11:00,OAK,20061221,1:56:48,Commercial,Jet,FA50
TAG713,99387,20061223199578,23-Dec-06,OAK,20061223,18:31:00,SFO,20061223,18:42:34,Commercial,Jet,FA20
TAG713,99575,20061223199579,23-Dec-06,SFO,20061223,19:14:54,ACV,20061223,19:58:35,Commercial,Jet,FA50
TAG713,64500,20070103294908,3-Jan-07,ACV,20070103,16:41:00,OAK,20070103,17:22:44,Commercial,Jet,FA50
TAG713,64595,20070103294909,3-Jan-07,OAK,20070103,17:48:00,TUS,20070103,19:17:54,Commercial,Jet,FA50
TAG713,4768,20070108706051,8-Jan-07,TUS,20070108,20:56:00,OAK,20070108,22:40:47,Commercial,Jet,FA50
TAG713,14655,20070108706052,8-Jan-07,OAK,20070108,23:17:00,ACV,20070108,23:54:02,Commercial,Jet,FA50
TAG713,102897,20070109890830,9-Jan-07,ACV,20070109,20:01:00,MHR,20070109,20:42:00,Commercial,Jet,FA50
TAG713,102896,20070109890829,9-Jan-07,MHR,20070109,23:13:00,SFO,20070109,23:37:36,Commercial,Jet,FA50
TAG713,1294,20070110059125,10-Jan-07,SFO,20070110,5:34:44,ACV,20070110,6:12:10,Commercial,Jet,FA50
TAG713,57379,20070110059126,10-Jan-07,ACV,20070110,15:04:00,APA,20070110,17:02:00,Commercial,Jet,FA50
TAG713,57562,20070110059127,10-Jan-07,APA,20070110,21:08:00,DAL,20070110,22:37:24,Commercial,Jet,FA50
TAG713,91779,20070112409121,12-Jan-07,DAL,20070112,22:37:00,SMF,20070113,1:57:18,Commercial,Jet,FA50
TAG713,91875,20070113774590,13-Jan-07,SMF,20070113,2:21:00,ACV,20070113,2:53:02,Commercial,Jet,FA50
TAG713,993,20070113774589,13-Jan-07,ACV,20070113,17:12:00,BTR,20070113,21:12:46,Commercial,Jet,FA50
TAG713,93568,20070116001167,16-Jan-07,BTR,20070116,19:41:00,TEB,20070116,21:51:00,Commercial,Jet,FA50
TAG713,11289,20070118186010,18-Jan-07,TEB,20070118,14:18:00,BTR,20070118,17:18:28,Commercial,Jet,FA50
TAG713,96473,20070127842377,27-Jan-07,BTR,20070127,14:52:00,ACV,20070127,19:05:58,Commercial,Jet,FA50
TAG713,129285,20070129995097,29-Jan-07,ACV,20070129,14:04:00,LAS,20070129,15:39:00,Commercial,Jet,FA50
TAG713,129287,20070130011218,30-Jan-07,LAS,20070130,3:23:00,ACV,20070130,4:41:19,Commercial,Jet,FA50
TAG713,8318,20070202349992,2-Feb-07,ACV,20070202,13:53:00,ATL,20070202,18:01:15,Commercial,Jet,FA50
TAG713,8523,20070202318887,2-Feb-07,ATL,20070202,21:20:56,ACV,20070203,2:51:41,Commercial,Jet,FA50
TAG713,99600,20070203385881,3-Feb-07,ACV,20070203,6:32:00,ATL,20070203,10:40:00,Commercial,Jet,FA50
TAG713,99704,20070203386189,3-Feb-07,ATL,20070203,11:42:00,ACV,20070203,17:07:04,Commercial,Jet,FA50
TAG713,50709,20070206601643,6-Feb-07,ACV,20070206,23:10:00,OAK,20070206,23:54:58,Commercial,Jet,FA50
TAG713,51195,20070207698481,7-Feb-07,OAK,20070207,0:28:00,ACV,20070207,1:06:40,Commercial,Jet,FA50
TAG713,129036,20070208827118,8-Feb-07,ACV,20070208,18:35:00,OAK,20070208,19:23:30,Commercial,Jet,FA50
TAG713,17014,20070208827119,8-Feb-07,OAK,20070208,22:43:00,ACV,20070208,23:24:00,Commercial,Jet,FA50
TAG713,104099,20070212132976,12-Feb-07,ACV,20070212,19:03:00,BTR,20070212,22:50:12,Commercial,Jet,FA50
TAG713,104214,20070212132981,12-Feb-07,BTR,20070212,23:29:00,ACV,20070213,3:47:53,Commercial,Jet,FA50
TAG713,140940,20070214351860,14-Feb-07,ACV,20070214,16:51:00,BTR,20070214,20:33:59,Commercial,Jet,FA50
TAG713,123926,20070216547539,16-Feb-07,BTR,20070216,19:31:00,ACV,20070217,0:21:10,Commercial,Jet,FA50
TAG713,28576,20070221017109,21-Feb-07,ACV,20070221,17:02:00,BTR,20070221,20:38:52,Commercial,Jet,FA50
TAG713,88051,20070225552514,25-Feb-07,BTR,20070225,13:54:00,ACV,20070225,18:56:22,Commercial,Jet,FA50
TAG713,83750,20070227395390,27-Feb-07,ACV,20070227,1:52:00,BTR,20070227,5:27:00,Commercial,Jet,FA50
TAG713,18219,20070227395388,27-Feb-07,BTR,20070227,15:35:00,TEB,20070227,17:59:34,Commercial,Jet,FA50
TAG713,76335,20070227395389,27-Feb-07,TEB,20070227,22:03:00,BTR,20070228,0:44:42,Commercial,Jet,FA50
TAG713,121008,20070301738323,1-Mar-07,BTR,20070301,13:47:00,ACV,20070301,18:44:47,Commercial,Jet,FA50
TAG713,45133,20070308375797,8-Mar-07,ACV,20070308,23:00:00,SFO,20070308,23:43:57,Commercial,Jet,FA50
TAG713,118211,20070310558588,10-Mar-07,SFO,20070310,17:50:00,ACV,20070310,18:32:14,Commercial,Jet,FA50
TAG713,97262,20070313822479,13-Mar-07,ACV,20070313,23:46:00,BTR,20070314,3:52:00,Commercial,Jet,FA50
TAG713,74764,20070316124174,16-Mar-07,BTR,20070316,21:26:00,SMF,20070317,1:33:00,Commercial,Jet,FA50
TAG713,74544,20070317211701,17-Mar-07,SMF,20070317,1:58:00,ACV,20070317,2:32:40,Commercial,Jet,FA50
TAG713,102027,20070320465921,20-Mar-07,ACV,20070320,17:59:00,OAK,20070320,18:46:00,Commercial,Jet,FA50
TAG713,144684,20070320465922,20-Mar-07,OAK,20070320,21:59:00,ACV,20070320,22:38:07,Commercial,Jet,FA50
TAG713,113645,20070322669699,22-Mar-07,ACV,20070322,18:00:00,BTR,20070322,22:00:04,Commercial,Jet,FA50
TAG713,114082,20070322669700,22-Mar-07,BTR,20070322,22:56:00,TEB,20070323,1:29:21,Commercial,Jet,FA50
TAG713,100714,20070323767413,23-Mar-07,TEB,20070323,19:59:37,BTR,20070323,22:43:00,Commercial,Jet,FA50
TAG713,98844,20070323767412,23-Mar-07,BTR,20070323,23:01:00,HOU,20070323,23:43:13,Commercial,Jet,FA50
TAG713,98899,20070324858604,24-Mar-07,HOU,20070324,0:36:00,ACV,20070324,4:36:38,Commercial,Jet,FA50
TAG713,111686,20070326014423,26-Mar-07,ACV,20070326,16:19:00,OAK,20070326,17:06:12,Commercial,Jet,FA50
TAG713,111962,20070326014424,26-Mar-07,OAK,20070326,17:33:00,BTR,20070326,21:07:32,Commercial,Jet,FA50
TAG713,20310,20070326014422,26-Mar-07,BTR,20070326,22:15:00,BFI,20070327,2:29:16,Commercial,Jet,FA50
TAG713,129101,20070329307545,29-Mar-07,BFI,20070329,19:12:00,BTR,20070329,23:16:39,Commercial,Jet,FA50
TAG713,76398,20070330411107,30-Mar-07,BTR,20070330,17:44:00,OAK,20070330,21:37:50,Commercial,Jet,FA50
TAG713,76785,20070330411108,30-Mar-07,OAK,20070330,22:11:00,ACV,20070330,22:51:18,Commercial,Jet,FA50
TAG713,145495,20070402660861,2-Apr-07,ACV,20070402,19:15:00,OAK,20070402,19:56:05,Commercial,Jet,FA50
TAG713,117634,20070403758725,3-Apr-07,OAK,20070403,16:04:00,ACV,20070403,16:42:08,Commercial,Jet,FA50
TAG713,84096,20070405332942,5-Apr-07,ACV,20070405,14:48:00,OAK,20070405,15:31:37,Commercial,Jet,FA50
TAG713,84142,20070405332943,5-Apr-07,OAK,20070405,22:46:00,ACV,20070405,23:57:26,Commercial,Jet,FA50
TAG713,132314,20070408103028,8-Apr-07,ACV,20070408,17:19:00,BTR,20070408,20:51:24,Commercial,Jet,FA50
TAG713,132332,20070408103331,8-Apr-07,BTR,20070408,21:40:00,BOI,20070409,1:15:23,Commercial,Jet,FA50
TAG713,124032,20070421413451,21-Apr-07,BOI,20070421,20:05:00,AUS,20070421,22:50:38,Commercial,Jet,FA50
TAG713,105797,20070422494668,22-Apr-07,AUS,20070422,19:25:00,ACV,20070422,23:06:32,Commercial,Jet,FA50
TAG713,59070,20070424677625,24-Apr-07,ACV,20070424,17:09:00,SFO,20070424,17:57:39,Commercial,Jet,FA50
TAG713,59129,20070424677626,24-Apr-07,SFO,20070424,21:32:00,ACV,20070424,22:12:12,Commercial,Jet,FA50
TAG713,73754,20070426143609,26-Apr-07,ACV,20070426,19:01:00,LAS,20070426,20:25:44,Commercial,Jet,FA50
TAG713,47365,20070427779231,27-Apr-07,LAS,20070427,19:29:00,ACV,20070427,20:55:12,Commercial,Jet,FA50
TAG713,106551,20070429947320,29-Apr-07,ACV,20070429,19:04:00,SFO,20070429,19:49:52,Commercial,Jet,FA50
TAG713,20898,20070430240420,30-Apr-07,SFO,20070430,2:12:00,ACV,20070430,2:49:07,Commercial,Jet,FA50
TAG713,61711,20070501427539,1-May-07,ACV,20070501,15:44:00,BTR,20070501,19:46:06,Commercial,Jet,FA50
TAG713,39691,20070503629219,3-May-07,BTR,20070503,16:22:00,ACV,20070503,20:40:58,Commercial,Jet,FA50
TAG713,21813,20070504732274,4-May-07,ACV,20070504,14:25:00,MFR,20070504,14:54:42,Commercial,Jet,FA50
TAG713,21899,20070504732275,4-May-07,MFR,20070504,15:12:00,SEA,20070504,16:11:51,Commercial,Jet,FA50
TAG713,104318,20070504732276,4-May-07,MFR,20070505,0:36:42,ACV,20070505,1:25:00,Commercial,Jet,
TAG713,144673,20070505812021,5-May-07,ACV,20070505,15:40:00,TUS,20070505,17:25:54,Commercial,Jet,FA50
TAG713,71307,20070510255548,10-May-07,TUS,20070510,20:13:00,BTR,20070510,22:32:29,Commercial,Jet,FA50
TAG713,15820,20070511362380,11-May-07,BTR,20070511,12:27:00,BCT,20070511,14:09:41,Commercial,Jet,FA50
TAG713,46314,20070511362381,11-May-07,BCT,20070511,18:33:00,BTR,20070511,20:07:17,Commercial,Jet,FA50
TAG713,31198,20070512470283,12-May-07,BTR,20070512,20:55:00,ACV,20070513,1:08:44,Commercial,Jet,FA50
TAG713,137897,20070513532850,13-May-07,ACV,20070513,18:20:00,BTR,20070513,22:15:00,Commercial,Jet,FA50
TAG713,69782,20070516757407,16-May-07,BTR,20070516,16:50:00,ACV,20070516,21:07:00,Commercial,Jet,FA50
TAG713,71004,20070517874051,17-May-07,ACV,20070517,14:58:00,BTR,20070517,18:51:13,Commercial,Jet,FA50
TAG713,133179,20070518012443,18-May-07,BTR,20070518,22:13:00,ACV,20070519,2:28:25,Commercial,Jet,FA50
TAG713,105027,20070519110675,19-May-07,ACV,20070519,18:04:00,OAK,20070519,18:56:23,Commercial,Jet,FA50
TAG713,12094,20070520137043,20-May-07,OAK,20070520,0:42:00,ACV,20070520,1:21:55,Commercial,Jet,FA50
TAG713,99353,20070522383910,22-May-07,ACV,20070522,23:41:00,OAK,20070523,0:22:40,Commercial,Jet,FA50
TAG713,7728,20070523461430,23-May-07,OAK,20070523,22:47:00,ACV,20070523,23:26:43,Commercial,Jet,FA50
TAG713,118767,20070524601476,24-May-07,ACV,20070524,19:32:42,SNA,20070524,21:00:56,Commercial,Jet,FA50
TAG713,10894,20070524601477,24-May-07,SNA,20070524,23:30:00,ACV,20070525,1:00:22,Commercial,Jet,FA50
TAG713,15071,20070529979542,29-May-07,ACV,20070529,13:44:00,MDW,20070529,17:36:17,Commercial,Jet,FA50
TAG713,149314,20070530075194,30-May-07,MDW,20070530,13:05:00,TEB,20070530,14:43:00,Commercial,Jet,FA50
TAG713,145597,20070531187803,31-May-07,TEB,20070531,11:38:46,ACV,20070531,17:13:28,Commercial,Jet,FA50
TAG713,130577,20070605664569,5-Jun-07,ACV,20070605,13:28:00,RBD,20070605,16:36:00,Commercial,Jet,FA50
TAG713,81666,20070605664570,5-Jun-07,RBD,20070605,19:09:48,ACV,20070605,22:49:14,Commercial,Jet,FA50
TAG713,21192,20070608917220,8-Jun-07,ACV,20070608,15:56:00,TUS,20070608,18:02:45,Commercial,Jet,FA50
TAG713,11460,20070615602062,15-Jun-07,TUS,20070615,21:14:00,ACV,20070615,23:17:58,Commercial,Jet,FA50
TAG713,139379,20070619040504,19-Jun-07,ACV,20070619,22:21:00,MHR,20070619,23:01:00,Commercial,Jet,FA50
TAG713,18577,20070620067007,20-Jun-07,MHR,20070620,3:57:00,ACV,20070620,4:33:46,Commercial,Jet,FA50
TAG713,78059,20070622346504,22-Jun-07,ACV,20070622,17:02:00,RBD,20070622,20:34:00,Commercial,Jet,FA50
TAG713,78143,20070622346834,22-Jun-07,RBD,20070622,21:17:00,ACV,20070623,0:53:19,Commercial,Jet,FA50
TAG713,26094,20070624547234,24-Jun-07,ACV,20070624,19:02:00,OAK,20070624,19:47:34,Commercial,Jet,FA50
TAG713,26401,20070624547244,24-Jun-07,OAK,20070624,20:14:00,RBD,20070624,23:27:00,Commercial,Jet,FA50
TAG713,26960,20070625555271,25-Jun-07,RBD,20070625,0:02:00,OAK,20070625,3:16:16,Commercial,Jet,FA50
TAG713,26942,20070625610886,25-Jun-07,OAK,20070625,21:01:00,ACV,20070625,21:39:20,Commercial,Jet,FA50
TAG713,81663,20070630097700,30-Jun-07,ACV,20070630,0:39:00,BTR,20070630,4:30:33,Commercial,Jet,FA50
TAG713,14825,20070630098115,30-Jun-07,BTR,20070630,19:31:00,ACV,20070630,23:27:32,Commercial,Jet,FA50
TAG713,130065,20070704460638,4-Jul-07,ACV,20070704,0:54:00,CYFB,20070704,6:43:00,Commercial,Jet,FA50
TAG713,149939,20070704460640,4-Jul-07,CYFB,20070704,7:15:00,LFPB,20070704,12:54:00,Commercial,Jet,FA50
TAG713,42811,20070719959462,19-Jul-07,LPAZ,20070719,11:42:38,TEB,20070719,17:40:45,Commercial,Jet,FA50
TAG713,84714,20070720066656,20-Jul-07,TEB,20070720,11:04:00,ACV,20070720,16:49:48,Commercial,Jet,FA50
TAG713,52295,20070723351439,23-Jul-07,ACV,20070723,19:00:00,BTR,20070723,23:12:34,Commercial,Jet,FA50
TAG713,68870,20070726664517,26-Jul-07,BTR,20070726,16:20:00,ACV,20070726,20:30:11,Commercial,Jet,FA50
TAG713,17818,20070727772770,27-Jul-07,ACV,20070727,16:56:00,OAK,20070727,17:41:17,Commercial,Jet,FA50
TAG713,56809,20070727772771,27-Jul-07,OAK,20070727,23:08:00,ACV,20070727,23:45:20,Commercial,Jet,FA50
TAG713,130334,20070730249230,30-Jul-07,ACV,20070730,21:07:00,BTR,20070731,1:21:25,Commercial,Jet,FA50
TAG713,102338,20070731345503,31-Jul-07,BTR,20070731,21:39:00,RBD,20070731,22:41:22,Commercial,Jet,FA50
TAG713,139817,20070801457097,1-Aug-07,RBD,20070801,13:42:00,ACV,20070801,17:11:19,Commercial,Jet,FA50
TAG713,96041,20070803669563,3-Aug-07,ACV,20070803,18:19:00,OAK,20070803,19:01:47,Commercial,Jet,FA50
TAG713,9248,20070804759962,4-Aug-07,OAK,20070804,2:52:00,ACV,20070804,3:30:02,Commercial,Jet,FA50
TAG713,24165,20070807033667,7-Aug-07,ACV,20070807,18:54:00,BTR,20070807,23:01:52,Commercial,Jet,FA50
TAG713,137167,20070809246847,9-Aug-07,BTR,20070809,11:49:32,CAK,20070809,13:43:29,Commercial,Jet,FA50
TAG713,44944,20070809246846,9-Aug-07,CAK,20070809,17:58:00,BTR,20070809,19:54:35,Commercial,Jet,FA50
TAG713,23422,20070810350899,10-Aug-07,BTR,20070810,16:45:00,RBD,20070810,17:38:39,Commercial,Jet,FA50
TAG713,23768,20070810350900,10-Aug-07,RBD,20070810,18:54:00,ACV,20070810,22:25:53,Commercial,Jet,FA50
TAG713,129814,20070812528682,12-Aug-07,ACV,20070812,18:39:00,BTR,20070812,22:32:49,Commercial,Jet,FA50
TAG713,66540,20070813621916,13-Aug-07,BTR,20070813,12:25:00,IAD,20070813,14:37:04,Commercial,Jet,FA50
TAG713,135958,20070813621917,13-Aug-07,IAD,20070813,22:07:00,BTR,20070814,0:13:29,Commercial,Jet,FA50
TAG713,71830,20070814720474,14-Aug-07,BTR,20070814,13:18:00,MDW,20070814,15:23:11,Commercial,Jet,FA50
TAG713,108253,20070814720475,14-Aug-07,MDW,20070814,21:06:59,BTR,20070814,22:47:01,Commercial,Jet,FA50
TAG713,88208,20070817036616,17-Aug-07,BTR,20070817,15:48:00,ACV,20070817,19:53:46,Commercial,Jet,FA50
TAG713,33780,20070819208205,19-Aug-07,ACV,20070819,18:05:00,OAK,20070819,18:46:00,Commercial,Jet,FA50
TAG713,60735,20070820300407,20-Aug-07,OAK,20070820,20:24:00,ACV,20070820,21:01:06,Commercial,Jet,DA50
TAG713,149296,20070823606292,23-Aug-07,ACV,20070823,16:22:00,BTR,20070823,20:16:00,Commercial,Jet,FA50
TAG713,146903,20070824715254,24-Aug-07,BTR,20070824,18:14:00,ACV,20070824,22:24:29,Commercial,Jet,FA50
TAG713,39682,20070906038846,6-Sep-07,ACV,20070906,16:13:00,SFO,20070906,16:58:00,Commercial,Jet,FA50
TAG713,40594,20070906038847,6-Sep-07,SFO,20070906,18:39:00,ACV,20070906,19:18:20,Commercial,Jet,FA50
TAG713,6752,20070907138886,7-Sep-07,ACV,20070907,13:17:00,SFO,20070907,13:58:36,Commercial,Jet,FA50
TAG713,26592,20070907138888,7-Sep-07,SFO,20070907,14:59:00,SMF,20070907,15:21:20,Commercial,Jet,FA50
TAG713,27645,20070907138889,7-Sep-07,SMF,20070907,15:48:00,ACV,20070907,16:26:00,Commercial,Jet,FA50
TAG713,96194,20070911494817,11-Sep-07,ACV,20070911,18:41:00,BTR,20070911,22:31:19,Commercial,Jet,FA50
TAG713,96188,20070911494816,11-Sep-07,BTR,20070911,23:15:00,OMA,20070912,1:05:07,Commercial,Jet,FA50
TAG713,96226,20070912590441,12-Sep-07,OMA,20070912,1:41:00,ACV,20070912,4:47:21,Commercial,Jet,FA50
TAG713,51479,20070912590440,12-Sep-07,ACV,20070912,18:04:00,OAK,20070912,18:52:19,Commercial,Jet,FA50
TAG713,128788,20070913693171,13-Sep-07,OAK,20070913,1:27:00,ACV,20070913,2:05:14,Commercial,Jet,FA50
TAG713,112300,20070913693170,13-Sep-07,ACV,20070913,20:51:00,OMA,20070914,0:26:33,Commercial,Jet,FA50
TAG713,139392,20070914795137,14-Sep-07,OMA,20070914,0:30:00,BTR,20070914,2:11:19,Commercial,Jet,FA50
TAG713,39454,20070914795136,14-Sep-07,BTR,20070914,14:59:00,ACV,20070914,19:15:03,Commercial,Jet,FA50
TAG713,123027,20070917055914,17-Sep-07,ACV,20070917,21:37:00,BTR,20070918,1:23:48,Commercial,Jet,FA50
TAG713,60419,20070918154288,18-Sep-07,BTR,20070918,15:36:00,BFI,20070918,20:02:46,Commercial,Jet,FA50
TAG713,121105,20070918154289,18-Sep-07,BFI,20070918,20:43:00,ACV,20070918,21:49:00,Commercial,Jet,FA50
TAG713,95191,20070920350732,20-Sep-07,ACV,20070920,16:11:00,OAK,20070920,16:59:33,Commercial,Jet,FA50
TAG713,95201,20070920350733,20-Sep-07,OAK,20070920,21:57:00,ACV,20070920,22:35:14,Commercial,Jet,FA50
TAG713,7197,20070928134273,28-Sep-07,ACV,20070928,21:48:00,EUG,20070928,22:34:33,Commercial,Jet,FA50
TAG713,77496,20070929223879,29-Sep-07,EUG,20070929,16:04:57,ACV,20070929,16:38:45,Commercial,Jet,FA50
TAG713,30779,20071005715392,5-Oct-07,ACV,20071005,16:47:00,BTR,20071005,20:50:34,Commercial,Jet,FA50
TAG713,53738,20071009082208,9-Oct-07,BTR,20071009,22:30:00,TEB,20071010,2:38:55,Commercial,Jet,FA50
TAG713,93750,20071010178461,10-Oct-07,TEB,20071010,14:01:00,BTR,20071010,16:46:00,Commercial,Jet,FA50
TAG713,25681,20071010178472,10-Oct-07,BTR,20071010,19:55:00,ACV,20071011,0:23:32,Commercial,Jet,FA50
TAG713,105162,20071022276107,22-Oct-07,ACV,20071022,19:55:00,BTR,20071022,23:57:46,Commercial,Jet,FA50
TAG713,11922,20071025570307,25-Oct-07,BTR,20071025,12:28:00,ACV,20071025,16:33:52,Commercial,Jet,FA50
TAG713,2456,20080203054589,3-Feb-08,ACV,20080203,21:37:00,LAS,20080203,23:17:58,Commercial,Jet,FA50
TAG713,82877,20080206237743,6-Feb-08,LAS,20080206,0:40:00,ACV,20080206,2:15:14,Commercial,Jet,FA50
TAG713,3999,20080214942799,14-Feb-08,ACV,20080214,15:42:00,BTR,20080214,19:32:26,Commercial,Jet,FA50
TAG713,111086,20080220527630,20-Feb-08,BTR,20080220,14:52:00,ACV,20080220,19:13:23,Commercial,Jet,FA50
TAG713,17798,20080222665622,22-Feb-08,ACV,20080222,0:27:00,BTR,20080222,4:06:45,Commercial,Jet,FA50
TAG713,109416,20080225974637,25-Feb-08,BTR,20080225,18:12:00,ACV,20080225,23:12:27,Commercial,Jet,FA50
TAG713,19613,20080302495369,2-Mar-08,ACV,20080302,17:16:00,BOI,20080302,18:20:00,Commercial,Jet,FA50
TAG713,113545,20080314639521,14-Mar-08,BOI,20080314,13:59:00,BTR,20080314,16:51:26,Commercial,Jet,FA50
TAG713,113590,20080314639522,14-Mar-08,BTR,20080314,17:28:00,ACV,20080314,22:29:07,Commercial,Jet,FA50
TAG713,123236,20080321288754,21-Mar-08,ACV,20080321,14:44:00,OAK,20080321,15:31:23,Commercial,Jet,FA50
TAG713,2323,20080321288751,21-Mar-08,OAK,20080321,17:41:00,CRQ,20080321,18:46:25,Commercial,Jet,FA50
TAG713,2398,20080321288752,21-Mar-08,CRQ,20080321,19:13:00,OAK,20080321,20:17:41,Commercial,Jet,FA50
TAG713,38805,20080322303305,22-Mar-08,OAK,20080322,0:55:19,ACV,20080322,1:34:50,Commercial,Jet,FA50
TAG713,126443,20080327750163,27-Mar-08,ACV,20080327,15:37:00,OAK,20080327,16:19:00,Commercial,Jet,FA50
TAG713,67811,20080328784391,28-Mar-08,OAK,20080328,1:43:32,ACV,20080328,2:22:45,Commercial,Jet,FA50
TAG713,112013,20080329939623,29-Mar-08,ACV,20080329,20:04:00,BTR,20080329,23:48:59,Commercial,Jet,FA50
TAG713,36,20080401426073,1-Apr-08,BTR,20080401,16:21:07,ACV,20080401,20:53:17,Commercial,Jet,FA50
TAG713,17100,20080410305719,10-Apr-08,ACV,20080410,15:06:00,BTR,20080410,18:40:57,Commercial,Jet,FA50
TAG713,118759,20080412486956,12-Apr-08,BTR,20080412,14:39:00,AXS,20080412,16:02:28,Commercial,Jet,FA50
TAG713,52179,20080413570596,13-Apr-08,AXS,20080413,16:43:00,TEB,20080413,19:31:42,Commercial,Jet,FA50
TAG713,51359,20080415755915,15-Apr-08,TEB,20080415,14:08:00,IAD,20080415,14:49:00,Commercial,Jet,
TAG713,138470,20080417960932,17-Apr-08,IAD,20080417,18:06:00,BTR,20080417,20:14:18,Commercial,Jet,FA50
TAG713,25650,20080418065185,18-Apr-08,BTR,20080418,15:58:51,ACV,20080418,20:34:40,Commercial,Jet,FA50
TAG713,148945,20080420231955,20-Apr-08,ACV,20080420,22:02:00,BOS,20080421,3:16:16,Commercial,Jet,FA50
TAG713,107442,20080422414247,22-Apr-08,BOS,20080422,1:17:00,BTR,20080422,4:07:46,Commercial,Jet,FA50
TAG713,69541,20080422414245,22-Apr-08,BTR,20080422,16:24:00,BHM,20080422,17:10:50,Commercial,Jet,FA50
TAG713,106746,20080422414246,22-Apr-08,BHM,20080422,20:09:00,BTR,20080422,21:15:20,Commercial,Jet,FA50
TAG713,77846,20080423523240,23-Apr-08,BTR,20080423,17:51:00,OAK,20080423,22:19:52,Commercial,Jet,FA50
TAG713,78418,20080423523241,23-Apr-08,OAK,20080423,22:50:00,ACV,20080423,23:35:28,Commercial,Jet,FA50
TAG713,54929,20080501264757,1-May-08,ACV,20080501,14:30:00,HOU,20080501,17:50:31,Commercial,Jet,FA50
TAG713,99310,20080501264758,1-May-08,HOU,20080501,21:43:00,BTR,20080501,22:24:00,Commercial,Jet,FA50
TAG713,89638,20080502354301,2-May-08,BTR,20080502,20:30:00,ACV,20080503,0:53:50,Commercial,Jet,FA50
TAG713,121525,20080506728963,6-May-08,ACV,20080506,20:20:00,TEB,20080507,1:11:00,Commercial,Jet,FA50
TAG713,90769,20080507823573,7-May-08,TEB,20080507,22:40:00,OMA,20080508,1:30:29,Commercial,Jet,FA50
TAG713,68481,20080508836032,8-May-08,OMA,20080508,19:57:32,ACV,20080508,23:16:51,Commercial,Jet,FA50
TAG713,131628,20080511130970,11-May-08,ACV,20080511,17:51:00,BTR,20080511,21:26:59,Commercial,Jet,FA50
TAG713,98229,20080518832623,18-May-08,BTR,20080518,15:00:00,ACV,20080518,19:08:42,Commercial,Jet,FA50
TAG713,69666,20080522233186,22-May-08,ACV,20080522,14:14:00,SFO,20080522,14:56:41,Commercial,Jet,FA50
TAG713,69952,20080522233187,22-May-08,SFO,20080522,15:15:18,ACV,20080522,16:03:03,Commercial,Jet,FA50
TAG713,131004,20080523332166,23-May-08,ACV,20080523,21:40:00,OAK,20080523,22:26:08,Commercial,Jet,FA50
TAG713,131051,20080523332167,23-May-08,OAK,20080523,23:35:00,ACV,20080524,0:16:03,Commercial,Jet,FA50
TAG713,112218,20080526579269,26-May-08,ACV,20080526,22:01:00,OAK,20080526,22:48:36,Commercial,Jet,FA50
TAG713,112397,20080526579270,26-May-08,OAK,20080526,23:20:00,ACV,20080527,0:11:42,Commercial,Jet,FA50
TAG713,857,20080528770528,28-May-08,OAK,20080528,3:42:51,ACV,20080528,4:21:19,Commercial,Jet,FA50
TAG713,92197,20080528770529,28-May-08,ACV,20080528,16:28:00,BTR,20080528,20:17:00,Commercial,Jet,FA50
TAG713,55268,20080529870650,29-May-08,BTR,20080529,13:00:00,GPT,20080529,13:24:33,Commercial,Jet,FA50
TAG713,75146,20080529870651,29-May-08,GPT,20080529,16:05:00,BTR,20080529,16:29:01,Commercial,Jet,FA50
TAG713,102878,20080529870652,29-May-08,BTR,20080529,19:50:25,ACV,20080530,0:26:25,Commercial,Jet,FA50
TAG713,78298,20080530982526,30-May-08,ACV,20080530,15:32:00,BUR,20080530,17:01:00,Commercial,Jet,FA50
TAG713,115490,20080530982527,30-May-08,BUR,20080530,20:05:00,ACV,20080530,21:23:47,Commercial,Jet,FA50
TAG713,31066,20080606702716,6-Jun-08,ACV,20080606,15:15:00,SJC,20080606,15:57:50,Commercial,Jet,FA50
TAG713,122489,20080606702717,6-Jun-08,SJC,20080606,18:07:56,ACV,20080606,18:57:44,Commercial,Jet,FA50
TAG713,116897,20080622306098,22-Jun-08,ACV,20080622,19:00:00,BTR,20080622,22:46:52,Commercial,Jet,FA50
TAG713,59865,20080627680157,27-Jun-08,BTR,20080627,14:50:00,ACV,20080627,18:53:34,Commercial,Jet,FA50
TAG713,133166,20080701077007,1-Jul-08,ACV,20080701,14:45:00,CDB,20080701,19:25:17,Commercial,Jet,FA50
TAG713,135099,20080701077008,1-Jul-08,CDB,20080701,20:31:06,ACV,20080702,0:50:56,Commercial,Jet,FA50
TAG713,123881,20080704353365,4-Jul-08,ACV,20080704,19:06:00,CDB,20080704,23:30:54,Commercial,Jet,FA50
TAG713,124309,20080705382459,5-Jul-08,CDB,20080705,0:15:00,AKN,20080705,1:04:01,Commercial,Jet,FA50
TAG713,24623,20080708653161,8-Jul-08,AKN,20080708,21:10:00,ANC,20080708,21:58:12,Commercial,Jet,FA50
TAG713,122689,20080708653164,8-Jul-08,ANC,20080708,23:46:00,AKN,20080709,0:34:41,Commercial,Jet,FA50
TAG713,122015,20080709138795,9-Jul-08,AKN,20080709,1:44:00,ACV,20080709,5:30:40,Commercial,Jet,FA50
TAG713,98918,20080711344886,11-Jul-08,ACV,20080711,13:58:19,AKN,20080711,18:08:43,Commercial,Jet,FA50
TAG713,56096,20080712457864,12-Jul-08,AKN,20080712,17:33:00,ANC,20080712,18:19:23,Commercial,Jet,FA50
TAG713,117224,20080712457866,12-Jul-08,ANC,20080712,18:55:00,PDX,20080712,22:14:00,Commercial,Jet,FA50
TAG713,117303,20080712457868,12-Jul-08,PDX,20080712,22:29:55,ACV,20080712,23:18:25,Commercial,Jet,FA50
TAG713,87827,20080723581545,23-Jul-08,ACV,20080723,16:51:00,HOU,20080723,20:43:23,Commercial,Jet,FA50
TAG713,78876,20080724692720,24-Jul-08,HOU,20080724,17:54:00,ACV,20080724,21:42:17,Commercial,Jet,FA50
TAG713,42770,20080728070334,28-Jul-08,ACV,20080728,18:51:00,LAX,20080728,20:16:32,Commercial,Jet,FA50
TAG713,70486,20080729174245,29-Jul-08,LAX,20080729,0:11:00,BTR,20080729,3:23:34,Commercial,Jet,FA50
TAG713,130290,20080801394670,1-Aug-08,BTR,20080801,13:54:32,ACV,20080801,18:00:55,Commercial,Jet,FA50
TAG713,75233,20080805682313,5-Aug-08,ACV,20080805,15:03:00,OAK,20080805,15:54:53,Commercial,Jet,FA50
TAG713,101798,20080805682320,5-Aug-08,OAK,20080805,20:06:00,SFO,20080805,20:17:09,Commercial,Jet,FA50
TAG713,99275,20080805682321,5-Aug-08,SFO,20080805,21:47:07,ACV,20080805,22:24:30,Commercial,Jet,FA50
TAG713,98001,20080807969704,7-Aug-08,ACV,20080807,21:12:00,OAK,20080807,22:01:54,Commercial,Jet,FA50
TAG713,98161,20080807969705,7-Aug-08,OAK,20080807,23:39:24,ACV,20080808,0:15:42,Commercial,Jet,FA50
TAG713,114620,20080808980542,8-Aug-08,ACV,20080808,0:58:36,VNY,20080808,2:28:00,Commercial,Jet,FA50
TAG713,44502,20080808977973,8-Aug-08,VNY,20080808,15:45:00,ACV,20080808,17:03:37,Commercial,Jet,FA50
TAG713,146359,20080810237479,10-Aug-08,ACV,20080810,17:42:00,OAK,20080810,18:25:05,Commercial,Jet,FA50
TAG713,146757,20080810237480,10-Aug-08,OAK,20080810,18:50:00,ACV,20080810,19:26:50,Commercial,Jet,FA50
TAG713,147440,20080810237481,10-Aug-08,ACV,20080810,20:12:00,VNY,20080810,21:38:00,Commercial,Jet,FA50
TAG713,147664,20080810237482,10-Aug-08,VNY,20080810,22:10:00,ACV,20080810,23:29:00,Commercial,Jet,FA50
TAG713,110819,20080812403024,12-Aug-08,ACV,20080812,15:04:00,BTR,20080812,18:47:39,Commercial,Jet,FA50
TAG713,78396,20080815696891,15-Aug-08,BTR,20080815,15:25:00,ACV,20080815,19:48:48,Commercial,Jet,FA50
TAG713,36924,20080827957010,27-Aug-08,ACV,20080827,20:48:00,AXS,20080827,23:58:00,Commercial,Jet,FA50
TAG713,94650,20080828060413,28-Aug-08,AXS,20080828,14:48:00,BTR,20080828,16:09:00,Commercial,Jet,FA50
TAG713,18248,20080828060411,28-Aug-08,BTR,20080828,17:29:00,HOU,20080828,18:14:56,Commercial,Jet,FA50
TAG713,29840,20080828060412,28-Aug-08,HOU,20080828,19:03:12,ACV,20080828,22:49:08,Commercial,Jet,FA50
TAG713,107705,20080830246567,30-Aug-08,ACV,20080830,17:09:00,AXS,20080830,20:07:00,Commercial,Jet,FA50
TAG713,108133,20080830246568,30-Aug-08,AXS,20080830,20:24:00,HOU,20080830,21:28:57,Commercial,Jet,FA50
TAG713,108419,20080830246569,30-Aug-08,HOU,20080830,22:09:00,BTR,20080830,22:57:00,Commercial,Jet,FA50
TAG713,3027,20080830246566,30-Aug-08,BTR,20080830,23:38:28,ACV,20080831,3:58:18,Commercial,Jet,FA50
TAG713,109953,20080904676902,4-Sep-08,ACV,20080904,14:04:00,BTR,20080904,17:58:00,Commercial,Jet,FA50
TAG713,130888,20080905775064,5-Sep-08,BTR,20080905,20:27:01,ACV,20080906,0:41:18,Commercial,Jet,FA50
TAG713,62944,20080909095757,9-Sep-08,ACV,20080909,15:35:00,TEB,20080909,20:22:32,Commercial,Jet,FA50
TAG713,137002,20080911294244,11-Sep-08,TEB,20080911,23:57:00,ACV,20080912,6:19:00,Commercial,Jet,FA50
TAG713,126129,20080912387877,12-Sep-08,RDD,20080912,18:23:36,ACV,20080912,18:55:20,Commercial,Jet,FA50
TAG713,66229,20080918910984,18-Sep-08,ACV,20080918,17:29:00,OAK,20080918,18:20:56,Commercial,Jet,FA50
TAG713,102300,20080918910985,18-Sep-08,OAK,20080918,22:29:19,ACV,20080918,23:08:35,Commercial,Jet,FA50
TAG713,52326,20080922260562,22-Sep-08,ACV,20080922,14:52:00,VNY,20080922,16:15:00,Commercial,Jet,FA50
TAG713,83112,20080923352927,23-Sep-08,VNY,20080923,0:20:00,ACV,20080923,1:45:46,Commercial,Jet,FA50
TAG713,72287,20081004332654,4-Oct-08,ACV,20081004,19:07:00,BTR,20081004,22:59:00,Commercial,Jet,FA50
TAG713,54787,20081008766338,8-Oct-08,BTR,20081008,20:02:12,ACV,20081009,0:11:05,Commercial,Jet,FA50